path,change,scope,source_review,test_provenance,coverage_disposition
.github/workflows/build_test.yml,M,tooling/CI/config,pending,pending,pending
.github/workflows/codeql-analysis.yml,M,tooling/CI/config,pending,pending,pending
.github/workflows/e2e-test.yml,M,tooling/CI/config,pending,pending,pending
.github/workflows/electron-modernization-baseline.yml,A,tooling/CI/config,F-021/F-023 Linux sandbox/desktop gates and all-format build/static/native smoke authored through 32b31c2d; YAML/Bash/static scripts pass locally; hosted workflow unrun; F-024 Windows installer build/smoke absent,F-021 old actual AppRun and F-023 old actual AppImage fail new static checks; corrected artifacts pass locally,AppImage/deb/rpm all-format hosted and extracted native smoke requested but unrun; actual installed desktop/protocol and Windows Squirrel/MSI remain open
.github/workflows/electron-modernization-preview.yml,A,tooling/CI/config,pending,pending,pending
.github/workflows/jira-lint-and-link.yml,M,tooling/CI/config,pending,pending,pending
.github/workflows/lint.yml,M,tooling/CI/config,pending,pending,pending
.nycrc.json,M,tooling/CI/config,pending,pending,pending
.yarn/patches/@wireapp-copy-config-npm-2.3.13-d9dcaa56d1.patch,A,tooling/CI/config,Reviewed promise propagation and exclusive archive ownership,4e7f98b2 baseline,Five direct installed-module cases; branch composition and hosted checks pending
.yarn/patches/app-builder-lib-npm-26.15.3-1764854cd0.patch,A,tooling/CI/config,F-021 scoped AppRun fail-closed generator patch reviewed; hosted/native launcher behavior pending,84ac22aa baseline: three controls pass/two sandbox targets fail; 45f45f4f patch; 7771a714 generated-launcher fixture,Old actual AppRun forwards --no-sandbox when namespace probe fails; corrected one does not; final static AppImage safe; effective OS sandbox unrun
.yarn/patches/playwright-core-npm-1.60.0-3d53a7d2d6.patch,A,tooling/CI/config,pending,pending,pending
AGENTS.md,M,tooling/CI/config,pending,pending,pending
bin/bin-utils.test.ts,A,test/fixture,Reviewed real filesystem ownership and delayed-copy sensitivity; fixture cleanup restores stubs,5efc93d8 two controls pass/three failures before c70432e5,Five cases; basename collision and pending-copy cleanup assertions; included in composed376
bin/bin-utils.ts,M,tooling/CI/config,F-006 backup/restore ownership and settlement reviewed; F-015 dump removal reviewed; remaining exec/helper behavior pending,5efc93d8 two controls pass/three targets fail; c70432e5 fix; 7eb299f3 CLI baseline,Five owned-filesystem controls; indexed-name sensitivity; composed tooling376 pass; no command-execution failure qualification
bin/build-tools/assets/msi-banner.bmp,A,tooling/CI/config,pending,pending,pending
bin/build-tools/build-cli.test.ts,A,test,CLI parser/routing/diagnostic sink review,7eb299f3 eight controls pass and ten targets fail before fix,18 inert subprocess cases pass; real package boundaries pending
bin/build-tools/build-cli.ts,M,tooling/CI/config,pending,pending,pending
bin/build-tools/build-linux-desktop-file.ts,M,tooling/CI/config,pending,pending,pending
bin/build-tools/build-wrapper.test.ts,A,test/fixture,Reviewed exact failure identity/order/restored bytes and retained recovery originals,1df0ce00 21 controls pass/one MSI read failure; e5022d63 correction,22 inert wrapper cases; reversed MSI restoration scope fails; composed376 pass; native packages pending
bin/build-tools/fixtures/build-cli.cjs,A,test adapter,Node-only synthetic configs and inert native builders reviewed,7eb299f3,does not qualify actual builders or signing
bin/build-tools/fixtures/build-wrapper.cjs,A,test/fixture,Reviewed inert native adapters and owned real-filesystem recovery; no real builder invocation,1df0ce00 separate fixture baseline,Actual wrappers and backup helpers exercised; config/native ports substituted; actual artifacts not qualified
bin/build-tools/fixtures/macos-signing.cjs,A,tooling/CI/config,pending; F-006 local signing-order/API review; native signed qualification remains open,pending; 01fe145a/2e2e3a69 signing baseline:4 pass/8 fail; faa4bb5a incomplete-config targets fail before validation,pending; inert native tools only; omitted-fuse and swallowed-sign-error perturbations fail
bin/build-tools/lib/Config.ts,M,tooling/CI/config,pending; F-006 local signing-order/API review; native signed qualification remains open,pending; 01fe145a/2e2e3a69 signing baseline:4 pass/8 fail; faa4bb5a incomplete-config targets fail before validation,pending; inert native tools only; omitted-fuse and swallowed-sign-error perturbations fail
bin/build-tools/lib/build-linux.test.ts,M,test/fixture,F-021 sandbox policy and F-022/F-023 icon/desktop configuration targets reviewed; broader builder tests pending,84ac22aa 3 controls/2 failures; c5e1aaab 6/1 icon; 30716e1f 7/1 desktop; fixes follow separately,Eight final focused Linux builder cases pass; actual static trio checked; native install and hosted execution pending
bin/build-tools/lib/build-linux.ts,M,tooling/CI/config,F-021 AppImage sandbox defaults corrected by 45f45f4f; F-022 Wire icon b8a10744 and F-023 desktop identity 196145ef checked in extracted trio; remaining builder review pending,Existing 9de6fb4a copy-filter baseline and targeted 84ac22aa/c5e1aaab/30716e1f failures precede fixes,Final AppImage/deb/rpm content/icon/desktop/fuse checks pass; full native and hosted qualification pending
bin/build-tools/lib/build-macos.test.ts,M,tooling/CI/config,pending; F-006 local signing-order/API review; native signed qualification remains open,pending; 01fe145a/2e2e3a69 signing baseline:4 pass/8 fail; faa4bb5a incomplete-config targets fail before validation,pending; inert native tools only; omitted-fuse and swallowed-sign-error perturbations fail
bin/build-tools/lib/build-macos.ts,M,tooling/CI/config,F-004 local allowlist review; artifact qualification pending; F-006 local signing-order/API review; native signed qualification remains open; F-007 build-owned update flag review,9de6fb4a original copy-filter baseline; sensitivity restores 98 failures; 01fe145a/2e2e3a69 signing baseline:4 pass/8 fail; faa4bb5a incomplete-config targets fail before validation; 43c88dd7 contradictory policy baseline four failures; 331f79d6 disabled/ad-hoc signing two failures,179 current policy cases; dependency/artifact and full denominator review pending; inert native tools only; omitted-fuse and swallowed-sign-error perturbations fail; unsigned/App Store constant-true sensitivity fails two
bin/build-tools/lib/build-recovery.test.ts,A,test/fixture,Reviewed write-then-reject fault injection with exact original bytes and owned metadata paths,03e1666e seven failures before 12ecd796,Seven platform/write-phase cases; omitted Windows restoration fails two; composed376 pass
bin/build-tools/lib/build-windows-installer.test.ts,M,test/fixture,pending,pending,pending
bin/build-tools/lib/build-windows-installer.ts,M,tooling/CI/config,pending,pending,pending
bin/build-tools/lib/build-windows-msi.test.ts,A,test/fixture,pending,pending,pending
bin/build-tools/lib/build-windows-msi.ts,A,tooling/CI/config,pending,pending,pending
bin/build-tools/lib/build-windows.ts,M,tooling/CI/config,F-004 local allowlist review; artifact qualification pending,9de6fb4a original copy-filter baseline; sensitivity restores 98 failures,179 current policy cases; dependency/artifact and full denominator review pending
bin/build-tools/lib/package-inputs.test.ts,A,test/fixture,Reviewed actual packager/builder filter adapters and positive runtime plus deny-input paths; artifact proof separate,9de6fb4a 16 controls pass/98 failures; later literal-directory expansions are subsequent regressions; dda2cc6b tar inclusion fails; 7280d5d9 targeted pass; broad nested exclusion fails,179 policy cases in composed376; original filters fail98 and validation removal fails7; final actual artifacts pending; combined focused182 and exact Linux directory inventory qualified; final native/platform pending
bin/build-tools/lib/packageInputs.ts,A,tooling/CI/config,F-004 local allowlist review; artifact qualification pending; 7280d5d9 excludes ten audited incidental top-level roots; native/platform closure pending,9de6fb4a original copy-filter baseline; sensitivity restores 98 failures; dda2cc6b inclusion target fails then fixed; broad nested exclusion mutation fails,179 current policy cases; dependency/artifact and full denominator review pending; actual combined Linux ASAR407/359 zero high/critical at scan time; other platforms pending
bin/build-tools/macos-signing.test.ts,A,tooling/CI/config,pending; F-006 local signing-order/API review; native signed qualification remains open,pending; 01fe145a/2e2e3a69 signing baseline:4 pass/8 fail; faa4bb5a incomplete-config targets fail before validation,pending; inert native tools only; omitted-fuse and swallowed-sign-error perturbations fail
bin/deploy-tools/axios-compatibility.test.ts,A,test/fixture,Reviewed synthetic loopback and inert consumer scope,569c96af four controls pass/one security failure; 08fea784 copy-config baseline,Five cases pass on patched axios; old merge and missing Ibis auth sensitivity fail
bin/deploy-tools/config-download.test.ts,A,tooling/CI/config,Reviewed actual settlement/error/archive assertions,4e7f98b2 one control pass/four failures,Five pass with local patch; original-module sensitivity fails four
bin/deploy-tools/deployment-cli.test.ts,A,tooling/CI/config,Reviewed inert deployment boundaries and owned asset cleanup,50e86c1a CLI and 0f6eb9ff stream baselines,Success/failure controls and restoration sensitivity; no real network
bin/deploy-tools/deployment-errors.test.ts,A,tooling/CI/config,Reviewed outcome and confidentiality assertions,0d30872d before implementation,15 Node cases across real deployers; no real network
bin/deploy-tools/dry-run-confidentiality.test.ts,A,tooling/CI/config,Reviewed synthetic-only subprocess assertions,d0a29c8e baseline before fix,Two Node cases; real GitHub methods and shared logger; raw errors remain open
bin/deploy-tools/fixtures/axios-consumers.cjs,A,test/fixture,Reviewed own-temp archive and no external transport,08fea784 copy-config and 569c96af deployment/Ibis baselines,Actual consumer methods with inert adapters; config failure propagation remains uncharacterized
bin/deploy-tools/fixtures/config-download.cjs,A,tooling/CI/config,Reviewed owned filesystem and inert axios responses,4e7f98b2 pre-patch fixture,Process lifecycle observation; actual streams/ZIP; no network
bin/deploy-tools/fixtures/deployment-cli.cjs,A,tooling/CI/config,Reviewed inert deployment boundaries and owned asset cleanup,50e86c1a CLI and 0f6eb9ff stream baselines,Success/failure controls and restoration sensitivity; no real network
bin/deploy-tools/fixtures/deployment-errors.cjs,A,tooling/CI/config,Reviewed synthetic errors and inert HTTP/asset boundaries,0d30872d before implementation,Success controls verify auth boundary and failures preserve rollback attempt
bin/deploy-tools/fixtures/dry-run-confidentiality.cjs,A,tooling/CI/config,Reviewed inert HTTP and logger substitution plus owned-temp cleanup,d0a29c8e baseline before fix,No real HTTP or credentials; success exit and operation controls
bin/deploy-tools/fixtures/hockey-stream.cjs,A,tooling/CI/config,Reviewed inert deployment boundaries and owned asset cleanup,50e86c1a CLI and 0f6eb9ff stream baselines,Success/failure controls and restoration sensitivity; no real network
bin/deploy-tools/github-draft-cli.ts,M,tooling/CI/config,F-015 terminal catch reviewed; other CLI argument behavior pending,50e86c1a 4 controls pass/8 negative cases fail,Fixed terminal messages preserve exit1; raw logging sensitivity fails
bin/deploy-tools/hockey-cli.ts,M,tooling/CI/config,F-015 terminal catch reviewed; other CLI argument behavior pending,50e86c1a 4 controls pass/8 negative cases fail,Fixed terminal messages preserve exit1; raw logging sensitivity fails
bin/deploy-tools/hockey-stream.test.ts,A,tooling/CI/config,Reviewed inert deployment boundaries and owned asset cleanup,50e86c1a CLI and 0f6eb9ff stream baselines,Success/failure controls and restoration sensitivity; no real network
bin/deploy-tools/lib/GitHubDraftDeployer.ts,M,tooling/CI/config,F-015 HTTP catches and rollback reviewed; filesystem failures reach CLI,0d30872d baseline 5 pass/10 fail across deployers,Success and response/offline failure controls; raw logging sensitivity; CLI pending
bin/deploy-tools/lib/HockeyDeployer.ts,M,tooling/CI/config,F-015 HTTP catches and stream error lifetime reviewed,0d30872d baseline 5 pass/10 fail across deployers,Real asset/FormData plus inert HTTP; CLI negatives covered; native upload unqualified
bin/deploy-tools/lib/JenkinsSquirrelPackaging.test.ts,A,test/fixture,pending,pending,pending
bin/deploy-tools/lib/JenkinsWindowsArtifacts.test.ts,A,test/fixture,pending,pending,pending
bin/deploy-tools/lib/JenkinsWindowsDeployment.test.ts,A,test/fixture,pending,pending,pending
bin/deploy-tools/lib/JenkinsWindowsPresignedUrls.test.ts,A,test/fixture,pending,pending,pending
bin/deploy-tools/lib/S3Deployer.test.ts,M,test/fixture,pending,pending,pending
bin/deploy-tools/lib/S3Deployer.ts,M,tooling/CI/config,pending,pending,pending
bin/deploy-tools/lib/deploy-utils.ts,M,tooling/CI/config,F-015 dry-run diagnostic sink reviewed; other helpers pending,d0a29c8e synthetic baseline 1 pass/1 fail,Restored confidentiality and zero-request controls pass; argument-dump sensitivity fails
bin/deploy-tools/s3-cli.ts,M,tooling/CI/config,F-015 terminal catch reviewed; other CLI argument behavior pending,50e86c1a 4 controls pass/8 negative cases fail,Fixed terminal messages preserve exit1; raw logging sensitivity fails
bin/deploy-tools/s3-win-releases-cli.ts,M,tooling/CI/config,F-015 terminal catch reviewed; other CLI argument behavior pending,50e86c1a 4 controls pass/8 negative cases fail,Fixed terminal messages preserve exit1; raw logging sensitivity fails
bin/test-tools/build-macos-smoke.ts,A,tooling/CI/config,pending,pending,pending
bin/test-tools/check-diff-coverage.js,A,tooling/CI/config,pending,pending,pending
bin/test-tools/generate-public-api.test.main.ts,A,test/fixture,pending,pending,pending
bin/test-tools/generate-public-api.ts,A,tooling/CI/config,pending,pending,pending
bin/test-tools/inventory-shipped-asar.cjs,A,tooling/CI/config,Actual ASAR package-root inventory extraction and semver validation reviewed; dynamic/peer reachability not inferred,Created for ELC-003 shipped graph audit; no pre-existing application behavior changed,Final Linux trio each has identical 407-instance inventory; Windows/macOS graphs and final accepted head pending
bin/test-tools/package-contents.test.ts,A,tooling/CI/config,F-022 eight required runtime-image regression targets reviewed; PKG-002 archived mac policy gate retained; hosted qualification pending,7b532d29 26 controls pass/8 image targets fail before 49ccd76b; 34 focused image cases pass,Full 388 tooling cases after image fix; 42 final Linux/archive focused cases; native tray/About and Windows dialog unrun
bin/test-tools/packaged-account-smoke.cjs,A,tooling/CI/config,pending,pending,pending
bin/test-tools/query-shipped-advisories.cjs,A,tooling/CI/config,Explicit opt-in metadata-only npm bulk query reviewed; no automatic network request,Created for ELC-003 shipped advisory audit; initial 423-instance query explicitly approved; 407 subset already queried,Zero high/critical for exact Linux 407 graph at query time; residual moderate/low call paths reviewed; final all-platform graphs pending
bin/test-tools/renderer-source-maps.test.ts,A,test/fixture,pending,pending,pending
bin/test-tools/run-linux-e2e.py,A,tooling/CI/config,pending,pending,pending
bin/test-tools/run-linux-e2e.test.py,A,test/fixture,pending,pending,pending
bin/test-tools/verify-package-contents.cjs,A,tooling/CI/config,F-022 eight runtime images now required; prior 22-file check accepted actual broken installers; hosted qualification pending,7b532d29 actual synthetic ASAR baseline 26 pass/8 failures; 49ccd76b fixes; actual old AppImage rejected,Final Linux trio 7373 entries/30 required images and no forbidden own input; Windows/macOS and native behavior pending
docs/electron-modernization/README.md,M,documentation,pending,pending,pending
docs/electron-modernization/account-controller-queue-review.md,A,documentation,initial review; final review pending,not applicable: review documentation,not applicable: review documentation
docs/electron-modernization/account-controller-removal-review.md,A,documentation,initial review; final review pending,not applicable: review documentation,not applicable: review documentation
docs/electron-modernization/account-deletion-review.md,A,documentation,initial review; final review pending,not applicable: review documentation,not applicable: review documentation
docs/electron-modernization/account-display-review.md,A,documentation,initial review; final review pending,not applicable: review documentation,not applicable: review documentation
docs/electron-modernization/account-ipc-wiring-review.md,A,documentation,initial review; final review pending,not applicable: review documentation,not applicable: review documentation
docs/electron-modernization/account-profile-review.md,A,documentation,initial review; final review pending,not applicable: review documentation,not applicable: review documentation
docs/electron-modernization/baseline.md,A,documentation,pending,pending,pending
docs/electron-modernization/candidate-reconciliation.md,A,documentation,initial review; final review pending,not applicable: review documentation,not applicable: review documentation
docs/electron-modernization/cap001-store-bootstrap-recovery.md,A,documentation,initial review; final review pending,not applicable: review documentation,not applicable: review documentation
docs/electron-modernization/cap001-view-setup-cleanup.md,A,documentation,initial review; final review pending,not applicable: review documentation,not applicable: review documentation
docs/electron-modernization/cap001-view-teardown-recovery.md,A,documentation,initial review; final review pending,not applicable: review documentation,not applicable: review documentation
docs/electron-modernization/cap003-capture-cleanup-recovery.md,A,documentation,initial review; final review pending,not applicable: review documentation,not applicable: review documentation
docs/electron-modernization/cap005-proxy-protocol-review.md,A,documentation,initial review; final review pending,not applicable: review documentation,not applicable: review documentation
docs/electron-modernization/capabilities.md,M,documentation,pending,pending,pending
docs/electron-modernization/common-ipc-review.md,A,documentation,initial review; final review pending,not applicable: review documentation,not applicable: review documentation
docs/electron-modernization/decisions/0001-process-and-view-architecture.md,A,documentation,pending,pending,pending
docs/electron-modernization/decisions/0002-account-permission-consent.md,A,documentation,pending,pending,pending
docs/electron-modernization/decisions/0003-local-content-protocol.md,A,documentation,pending,pending,pending
docs/electron-modernization/decisions/0004-consented-display-capture.md,A,documentation,pending,pending,pending
docs/electron-modernization/electron-compatibility.md,A,documentation,pending,pending,pending
docs/electron-modernization/governance.md,A,documentation,pending,pending,pending
docs/electron-modernization/inventory-reconciliation.md,A,documentation,initial review; final review pending,not applicable: review documentation,not applicable: review documentation
docs/electron-modernization/ipc-inventory.md,A,documentation,pending,pending,pending
docs/electron-modernization/logging-boundary-review.md,A,documentation,initial review; final review pending,not applicable: review documentation,not applicable: review documentation
docs/electron-modernization/logging-diagnostic-review.md,A,documentation,initial review; final review pending,not applicable: review documentation,not applicable: review documentation
docs/electron-modernization/logging-path-writer-review.md,A,documentation,initial review; final review pending,not applicable: review documentation,not applicable: review documentation
docs/electron-modernization/m3-acceptance.md,A,documentation,pending,pending,pending
docs/electron-modernization/m4-acceptance.md,A,documentation,pending,pending,pending
docs/electron-modernization/manual-windows-preview.md,A,documentation,pending,pending,pending
docs/electron-modernization/packaging-verification.md,A,documentation,pending,pending,pending
docs/electron-modernization/permission-session-review.md,A,documentation,initial review; final review pending,not applicable: review documentation,not applicable: review documentation
docs/electron-modernization/plan.md,M,documentation,pending,pending,pending
docs/electron-modernization/proxy-authentication-review.md,A,documentation,initial review; final review pending,not applicable: review documentation,not applicable: review documentation
docs/electron-modernization/proxy-ipc-review.md,A,documentation,initial review; final review pending,not applicable: review documentation,not applicable: review documentation
docs/electron-modernization/qa-display-capture.md,A,documentation,pending,pending,pending
docs/electron-modernization/qa-sso-e2ei.md,A,documentation,pending,pending,pending
docs/electron-modernization/quality-review.md,A,documentation,pending,pending,pending
docs/electron-modernization/recovered-candidate-qualification.md,A,documentation,initial review; final review pending,not applicable: review documentation,not applicable: review documentation
docs/electron-modernization/renderer-account-routing-review.md,A,documentation,initial review; final review pending,not applicable: review documentation,not applicable: review documentation
docs/electron-modernization/renderer-rejection-confidentiality-review.md,A,documentation,initial review; final review pending,not applicable: review documentation,not applicable: review documentation
docs/electron-modernization/resume-m3.md,A,documentation,pending,pending,pending
docs/electron-modernization/resume-m4.md,A,documentation,pending,pending,pending
docs/electron-modernization/review-findings.md,A,documentation,initial review; final review pending,not applicable: review documentation,not applicable: review documentation
docs/electron-modernization/review-inventory.csv,A,documentation,initial review; final review pending,not applicable: review documentation,not applicable: review documentation
docs/electron-modernization/review-traceability.csv,A,documentation,initial review; final review pending,not applicable: review documentation,not applicable: review documentation
docs/electron-modernization/sec013-dispatch-diagnostics.md,A,documentation,initial review; final review pending,not applicable: review documentation,not applicable: review documentation
docs/electron-modernization/settings-recovery.md,A,documentation,pending,pending,pending
docs/electron-modernization/shipped-linux-asar-audit.md,A,documentation,initial review; final review pending,not applicable: review documentation,not applicable: review documentation
docs/electron-modernization/status.md,M,documentation,pending,pending,pending
docs/electron-modernization/testing.md,M,documentation,pending,pending,pending
docs/electron-modernization/threat-model.md,A,documentation,pending,pending,pending
docs/windows-msi.md,A,documentation,pending,pending,pending
e2e-tests/README.md,M,test/fixture,pending,pending,pending
e2e-tests/actions/createApp.ts,M,test/fixture,pending,pending,pending
e2e-tests/actions/createTeam.ts,M,test/fixture,pending,pending,pending
e2e-tests/actions/createUser.ts,M,test/fixture,pending,pending,pending
e2e-tests/actions/loginUser.ts,M,test/fixture,pending,pending,pending
e2e-tests/actions/mockNotifications.ts,M,test/fixture,pending,pending,pending
e2e-tests/actions/quitApp.ts,A,test/fixture,pending,pending,pending
e2e-tests/actions/watchActiveAccount.ts,M,test/fixture,pending,pending,pending
e2e-tests/backend/PublicApiClient.ts,M,test/fixture,pending,pending,pending
e2e-tests/backend/generated/publicApi.ts,M,test/fixture,pending,pending,pending
e2e-tests/fixtures.ts,M,test/fixture,pending,pending,pending
e2e-tests/poms/app/accountsSidebar.page.ts,M,test/fixture,pending,pending,pending
e2e-tests/poms/app/appIcon.page.ts,M,test/fixture,pending,pending,pending
e2e-tests/poms/app/menuBar.page.ts,M,test/fixture,pending,pending,pending
e2e-tests/poms/webapp/login.page.ts,M,test/fixture,pending,pending,pending
e2e-tests/specs/criticalFlow/1on1Call.spec.ts,M,test/fixture,pending,pending,pending
e2e-tests/specs/criticalFlow/groupCall.spec.ts,M,test/fixture,pending,pending,pending
e2e-tests/specs/criticalFlow/logout.spec.ts,M,test/fixture,pending,pending,pending
e2e-tests/specs/criticalFlow/register.spec.ts,M,test/fixture,pending,pending,pending
e2e-tests/specs/regression/accountLifecycle.spec.ts,A,test/fixture,pending,pending,pending
e2e-tests/specs/regression/accountMetadata.spec.ts,A,test/fixture,pending,pending,pending
e2e-tests/specs/regression/accountNavigation.spec.ts,A,test/fixture,pending,pending,pending
e2e-tests/specs/regression/accountPermissions.spec.ts,A,test/fixture,pending,pending,pending
e2e-tests/specs/regression/accountSidebar.spec.ts,A,test/fixture,pending,pending,pending
e2e-tests/specs/regression/calling.spec.ts,M,test/fixture,pending,pending,pending
e2e-tests/specs/regression/displayCapture.spec.ts,A,test/fixture,pending,pending,pending
e2e-tests/specs/regression/e2eiNavigation.spec.ts,A,test/fixture,pending,pending,pending
e2e-tests/specs/regression/fixtureCleanup.spec.ts,A,test/fixture,pending,pending,pending
e2e-tests/specs/regression/launcherPermissions.spec.ts,A,test/fixture,pending,pending,pending
e2e-tests/specs/regression/localization.spec.ts,M,test/fixture,pending,pending,pending
e2e-tests/specs/regression/menuBar.spec.ts,M,test/fixture,pending,pending,pending
e2e-tests/specs/regression/multipleAccountsSuite.spec.ts,M,test/fixture,pending,pending,pending
e2e-tests/specs/regression/notifications.spec.ts,M,test/fixture,pending,pending,pending
e2e-tests/specs/regression/proxySession.spec.ts,A,test/fixture,pending,pending,pending
e2e-tests/specs/regression/rendererSandbox.spec.ts,A,test/fixture,pending,pending,pending
e2e-tests/specs/tooling/accountSetup.spec.ts,A,test/fixture,pending,pending,pending
e2e-tests/specs/tooling/appLifecycle.spec.ts,A,test/fixture,pending,pending,pending
e2e-tests/utils/nativeConsent.cjs,A,test/fixture,pending,pending,pending
e2e-tests/utils/seedLegacyAccountProfile.ts,A,test/fixture,pending,pending,pending
electron/css/display-capture.css,A,application,pending,pending,pending
electron/html/display-capture.html,A,application,pending,pending,pending
electron/renderer/index.html,M,application,pending,pending,pending
electron/renderer/src/actions/AccountAction.ts,M,application,"Partial legacy reachability disposition: App binds but ignores switchWebview prop; EditAccountMenu has no production import found. Current sidebar/index uses main bridge. Baseline delta is unread reset, not current native authority. See renderer-account-routing-review.md.",Unread-reset deltaff40d2fa has direct legacy helper test; source baseline comparison inspected. No separate baseline/native authority inferred.,Existing helper test uses DOM div and sendBadgeCount stub within82-renderer evidence at7a3b6e72. Active routing11 passes/sensitive mutations recorded separately. Legacy helper result does not prove native selection.
electron/renderer/src/actions/__tests__/actions.spec.ts,M,test/fixture,pending; ELC-003 badge enum consumer locally reviewed; final composed review pending,pending; c35af26c numeric-wire baseline passes; two wrong-enum assertions per consumer fail then restore,pending; renderer80/controller9 pass after fresh install; actual packaged pruning/native qualification pending
electron/renderer/src/actions/index.ts,M,application,"pending; ELC-003 badge enum consumer locally reviewed; final composed review pending; ELC-003 Joi import migration preserves schemas/options Partial reachability review: retained helpers/constants are imported/bundled, but current sidebar lifecycle uses named main bridge. Legacy utility/diagnostic scope remains open; see renderer-account-routing-review.md.",pending; c35af26c numeric-wire baseline passes; two wrong-enum assertions per consumer fail then restore; 156b601f pre-migration40 Node/80 renderer baseline,pending; renderer80/controller9 pass after fresh install; actual packaged pruning/native qualification pending; unknown-field sensitivity fails3 control/9 renderer tests; patched pass
electron/renderer/src/components/LoadingSpinner/LoadingSpinner.spec.tsx,A,test/fixture,pending,pending,pending
electron/renderer/src/components/LoadingSpinner/LoadingSpinner.tsx,M,application,pending,pending,pending
electron/renderer/src/components/Sidebar/Sidebar.spec.tsx,A,test/fixture,Reviewed active main-owned selection/add/menu/layout/retry/removal routing and current desktop IDs. Renderer UI is not main authority; native/diagnostic failure scope remains open. See renderer-account-routing-review.md. F-020: active bridge rejection console path now uses fixed operation messages; rejected values do not reach this renderer log call. Legacy/account-view diagnostic scope remains open.,Cutoverbb46ddea; later slot testsb7a9861d; index/sidebar testsf6604dd5; removal UI/test894df496. No separate original baseline inferred. Separate74590da5 security baseline:11 controls pass/4 failures beforeeb82163b fix; historical raw-Error assertions explicitly revised under CAP-001/INV-010.,"11 index/sidebar/slot Jest cases pass at7a3b6e72; wrong selection/menu ID/removal ID/background layout mutations fail1/3/2/1 then restore. Native placement/focus/cleanup and full consumer/diagnostic review remain open. Composition5f2852cd passes86 renderer cases/12 suites, root types, targeted lint and production build; vague-label mutation fails1 then restores. Native/final product qualification remains open."
electron/renderer/src/components/Sidebar/Sidebar.tsx,M,application,Reviewed active main-owned selection/add/menu/layout/retry/removal routing and current desktop IDs. Renderer UI is not main authority; native/diagnostic failure scope remains open. See renderer-account-routing-review.md. F-020: active bridge rejection console path now uses fixed operation messages; rejected values do not reach this renderer log call. Legacy/account-view diagnostic scope remains open.,Cutoverbb46ddea; later slot testsb7a9861d; index/sidebar testsf6604dd5; removal UI/test894df496. No separate original baseline inferred. Separate74590da5 security baseline:11 controls pass/4 failures beforeeb82163b fix; historical raw-Error assertions explicitly revised under CAP-001/INV-010.,"11 index/sidebar/slot Jest cases pass at7a3b6e72; wrong selection/menu ID/removal ID/background layout mutations fail1/3/2/1 then restore. Native placement/focus/cleanup and full consumer/diagnostic review remain open. Composition5f2852cd passes86 renderer cases/12 suites, root types, targeted lint and production build; vague-label mutation fails1 then restores. Native/final product qualification remains open."
electron/renderer/src/components/WebView/Webview.spec.tsx,A,test/fixture,Reviewed active main-owned selection/add/menu/layout/retry/removal routing and current desktop IDs. Renderer UI is not main authority; native/diagnostic failure scope remains open. See renderer-account-routing-review.md. F-020: active bridge rejection console path now uses fixed operation messages; rejected values do not reach this renderer log call. Legacy/account-view diagnostic scope remains open.,Cutoverbb46ddea; later slot testsb7a9861d; index/sidebar testsf6604dd5; removal UI/test894df496. No separate original baseline inferred. Separate74590da5 security baseline:11 controls pass/4 failures beforeeb82163b fix; historical raw-Error assertions explicitly revised under CAP-001/INV-010. Test-onlyd5a47d03 adds failed-removal retry confidentiality; returning raw catch fails1 then restores5 focused cases.,"11 index/sidebar/slot Jest cases pass at7a3b6e72; wrong selection/menu ID/removal ID/background layout mutations fail1/3/2/1 then restore. Native placement/focus/cleanup and full consumer/diagnostic review remain open. Composition5f2852cd passes86 renderer cases/12 suites, root types, targeted lint and production build; vague-label mutation fails1 then restores. Native/final product qualification remains open. Latest2ba7ade3 is test-only over5f2852cd; focused5 Webview cases and root types pass."
electron/renderer/src/components/WebView/Webview.tsx,M,application,Reviewed active main-owned selection/add/menu/layout/retry/removal routing and current desktop IDs. Renderer UI is not main authority; native/diagnostic failure scope remains open. See renderer-account-routing-review.md. F-020: active bridge rejection console path now uses fixed operation messages; rejected values do not reach this renderer log call. Legacy/account-view diagnostic scope remains open. Separate failed-removal retry catch is now directly assertion-protected.,Cutoverbb46ddea; later slot testsb7a9861d; index/sidebar testsf6604dd5; removal UI/test894df496. No separate original baseline inferred. Separate74590da5 security baseline:11 controls pass/4 failures beforeeb82163b fix; historical raw-Error assertions explicitly revised under CAP-001/INV-010.,"11 index/sidebar/slot Jest cases pass at7a3b6e72; wrong selection/menu ID/removal ID/background layout mutations fail1/3/2/1 then restore. Native placement/focus/cleanup and full consumer/diagnostic review remain open. Composition5f2852cd passes86 renderer cases/12 suites, root types, targeted lint and production build; vague-label mutation fails1 then restores. Native/final product qualification remains open."
electron/renderer/src/components/WebViewList/WebviewList.tsx,M,application,Reviewed active main-owned selection/add/menu/layout/retry/removal routing and current desktop IDs. Renderer UI is not main authority; native/diagnostic failure scope remains open. See renderer-account-routing-review.md.,Cutoverbb46ddea; later slot testsb7a9861d; index/sidebar testsf6604dd5; removal UI/test894df496. No separate original baseline inferred.,11 index/sidebar/slot Jest cases pass at7a3b6e72; wrong selection/menu ID/removal ID/background layout mutations fail1/3/2/1 then restore. Native placement/focus/cleanup and full consumer/diagnostic review remain open.
electron/renderer/src/configureStore.spec.ts,A,test/fixture,Reviewed read/subscription bootstrap gap; reproduced and fixed with early subscription/latest buffer/failed-bootstrap cleanup. Main authority and no renderer-persistence fallback retained. Actual native startup and consumer scope remain open. See account-display-review.md.,Original main-owned store/source fixture togetherbb46ddea; separate race baseline4135f7a6 precedes59ae067b. Failure test now requires exactly-once unsubscribe instead of zero subscriptions; preserves rejection/no fallback.,4 focused store/82 renderer cases pass; buffer/unsubscribe/live-update/failed-read mutations fail1/2/2/2 then restore. Root/Electron test types and corrected lint pass on7a3b6e72; native startup not run.
electron/renderer/src/configureStore.ts,M,application,Reviewed read/subscription bootstrap gap; reproduced and fixed with early subscription/latest buffer/failed-bootstrap cleanup. Main authority and no renderer-persistence fallback retained. Actual native startup and consumer scope remain open. See account-display-review.md.,Original main-owned store/source fixture togetherbb46ddea; separate race baseline4135f7a6 precedes59ae067b. Failure test now requires exactly-once unsubscribe instead of zero subscriptions; preserves rejection/no fallback.,4 focused store/82 renderer cases pass; buffer/unsubscribe/live-update/failed-read mutations fail1/2/2/2 then restore. Root/Electron test types and corrected lint pass on7a3b6e72; native startup not run.
electron/renderer/src/index.spec.tsx,A,test/fixture,Reviewed active main-owned selection/add/menu/layout/retry/removal routing and current desktop IDs. Renderer UI is not main authority; native/diagnostic failure scope remains open. See renderer-account-routing-review.md. F-020: active bridge rejection console path now uses fixed operation messages; rejected values do not reach this renderer log call. Legacy/account-view diagnostic scope remains open.,Cutoverbb46ddea; later slot testsb7a9861d; index/sidebar testsf6604dd5; removal UI/test894df496. No separate original baseline inferred. Separate74590da5 security baseline:11 controls pass/4 failures beforeeb82163b fix; historical raw-Error assertions explicitly revised under CAP-001/INV-010.,"11 index/sidebar/slot Jest cases pass at7a3b6e72; wrong selection/menu ID/removal ID/background layout mutations fail1/3/2/1 then restore. Native placement/focus/cleanup and full consumer/diagnostic review remain open. Composition5f2852cd passes86 renderer cases/12 suites, root types, targeted lint and production build; vague-label mutation fails1 then restores. Native/final product qualification remains open."
electron/renderer/src/index.tsx,M,application,Reviewed active main-owned selection/add/menu/layout/retry/removal routing and current desktop IDs. Renderer UI is not main authority; native/diagnostic failure scope remains open. See renderer-account-routing-review.md. F-020: active bridge rejection console path now uses fixed operation messages; rejected values do not reach this renderer log call. Legacy/account-view diagnostic scope remains open.,Cutoverbb46ddea; later slot testsb7a9861d; index/sidebar testsf6604dd5; removal UI/test894df496. No separate original baseline inferred. Separate74590da5 security baseline:11 controls pass/4 failures beforeeb82163b fix; historical raw-Error assertions explicitly revised under CAP-001/INV-010.,"11 index/sidebar/slot Jest cases pass at7a3b6e72; wrong selection/menu ID/removal ID/background layout mutations fail1/3/2/1 then restore. Native placement/focus/cleanup and full consumer/diagnostic review remain open. Composition5f2852cd passes86 renderer cases/12 suites, root types, targeted lint and production build; vague-label mutation fails1 then restores. Native/final product qualification remains open."
electron/renderer/src/lib/__tests__/locale.spec.ts,A,test/fixture,pending,pending,pending
electron/renderer/src/lib/locale.ts,M,application,pending,pending,pending
electron/renderer/src/reducers/__tests__/accountReducer.spec.ts,M,test/fixture,pending,pending,pending
electron/renderer/src/reducers/accountReducer.ts,M,application,pending,pending,pending
electron/renderer/src/types/account.d.ts,M,application,pending,pending,pending
electron/renderer/src/types/guards.spec.ts,A,test/fixture,pending,pending,pending
electron/renderer/src/types/guards.ts,M,application,pending,pending,pending
electron/src/accounts/AccountAvailability.test.main.ts,A,test/fixture,pending; ELC-003 badge enum consumer locally reviewed; final composed review pending,pending; c35af26c numeric-wire baseline passes; two wrong-enum assertions per consumer fail then restore,pending; renderer80/controller9 pass after fresh install; actual packaged pruning/native qualification pending
electron/src/accounts/AccountController.test.main.ts,A,test/fixture,"Partial review of removal close/cookie, storage failure and filesystem retry cases only; remaining native controller cases pending. See account-controller-removal-review.md.",Existing removal failure flags894df496 and native filesystem cleanup coverageb0a7bd8c; no separate original baseline inferred. Other case provenance pending.,"Native fixture not run here. Later inert controller removal tests qualify ordering/failure/retry only; actual storage, destruction and retained Windows failures remain open."
electron/src/accounts/AccountController.ts,A,application,"Partial lifecycle queue review atb2a72752:32 admitted operations, copied events, execution-time registration identity and finally capacity release. Post-consent check traced; full native/caller/controller review remains pending. ELC availability mapping review retained. Partial removal ordering/session/retry review at5112c50a; publisher/session lookup/survivor effects and native view failure ownership remain open. See account-controller-removal-review.md.","pending; c35af26c numeric-wire baseline passes; two wrong-enum assertions per consumer fail then restore F008 baseline8cd6bd18 before28fbf798; later209c9b8b stale re-registration test. See account-controller-queue-review.md. Removal flags894df496; native filesystem testb0a7bd8c; later374125ab four inert stage/retry cases, composed5112c50a.","pending; renderer80/controller9 pass after fresh install; actual packaged pruning/native qualification pending Four later queue Node cases/types/lint pass with sensitive registration/copy/cap/release mutations. Not full controller/native acceptance. Later209c9b8b queue test now composed in00a88ae2;86 selected Node cases and test types/lint pass, still partial controller scope. Four removal cases pass; await/order/failure-state mutations fail1/2/4/3 and restore. Included in90 Node cases; native semantics unqualified."
electron/src/accounts/AccountControllerQueue.test.main.ts,A,test/fixture,"Reviewed inert real-controller/state/registry queue fixture, cancelled approval, ordered copied payloads, stale authority and bounded admission/recovery. Later same-contents re-registration test added.",Separate8cd6bd18 baseline before28fbf798 queue cap; later209c9b8b stale re-registration coverage. Registration/copy/cap/release mutations fail1/1/1/2 and restore4.,4 queue cases included in86 composed00a88ae2 Node controller/profile/cleanup/IPC checks; test types/lint pass. Native consent/navigation and other controller queues/failure paths remain open.
electron/src/accounts/AccountControllerRemoval.test.main.ts,A,test/fixture,Reviewed real-controller/state fixture with inert owned views/sessions and three failure/retry stages; no native acceptance.,"Later characterization374125ab, composed5112c50a; close-await/clear-await/order/failure-state mutations fail1/2/4/3 and restore4.",4 cases included in90 passing selected Node cases; Electron test types and targeted lint pass. See account-controller-removal-review.md.
electron/src/accounts/AccountDestination.test.main.ts,A,test/fixture,pending,pending,pending
electron/src/accounts/AccountDestination.ts,A,application,pending,pending,pending
electron/src/accounts/AccountEnvironmentApproval.test.main.ts,A,test/fixture,pending,pending,pending
electron/src/accounts/AccountEnvironmentApproval.ts,A,application,initial source pass; final review pending,pending,pending
electron/src/accounts/AccountLogCleanup.test.main.ts,A,test/fixture,Reviewed UUID/root/ancestor checks and flush-before-maintenance ordering; concurrent local replacement not proven. See logging-path-writer-review.md.,b0a7bd8c implementation; e4cac57f queue-drain baseline before7d5c34bb. See logging-path-writer-review.md.,Included in43 composed Node cases; owned filesystem/link/sentinel and queue recovery evidence; native platform gate pending. See logging-path-writer-review.md.
electron/src/accounts/AccountLogCleanup.ts,A,application,Reviewed UUID/root/ancestor checks and flush-before-maintenance ordering; concurrent local replacement not proven. See logging-path-writer-review.md.,b0a7bd8c implementation; e4cac57f queue-drain baseline before7d5c34bb. See logging-path-writer-review.md.,Included in43 composed Node cases; owned filesystem/link/sentinel and queue recovery evidence; native platform gate pending. See logging-path-writer-review.md.
electron/src/accounts/AccountMediaPermission.test.media.ts,A,test/fixture,pending,pending,pending
electron/src/accounts/AccountPermissionBaseline.test.main.ts,A,test/fixture,pending,pending,pending
electron/src/accounts/AccountProfile.test.main.ts,A,test/fixture,"Partial profile review at5eef88e6: strict bounded validation, case-insensitive identity/partition uniqueness, one-time import and exclusive temporary fsync/rename replacement. Native compatibility/cipher ownership and filesystem limits remain open.","11b3e46b source/tests same commit;7c4aa2c3 join domain; ELC pre-migration156b601f beforeabae1a66 Joi change retained. Later partial-write testf5ae6ede, not prior baseline. See account-profile-review.md.",Partial-write testf5ae6ede now included in48 passing composed68ce2478 profile/state/cleanup/retired IPC Node cases; Electron test types/lint pass. Prior five mutation classes sensitive; native migration/durability/ciphertext policy remain open.
electron/src/accounts/AccountProfile.ts,A,application,"Partial profile review at5eef88e6: strict bounded validation, case-insensitive identity/partition uniqueness, one-time import and exclusive temporary fsync/rename replacement. Native compatibility/cipher ownership and filesystem limits remain open.","11b3e46b source/tests same commit;7c4aa2c3 join domain; ELC pre-migration156b601f beforeabae1a66 Joi change retained. Later partial-write testf5ae6ede, not prior baseline. See account-profile-review.md.",Partial-write testf5ae6ede now included in48 passing composed68ce2478 profile/state/cleanup/retired IPC Node cases; Electron test types/lint pass. Prior five mutation classes sensitive; native migration/durability/ciphertext policy remain open.
electron/src/accounts/AccountSessionCleanup.test.main.ts,A,test/fixture,Partial active cleanup review: sequential browser data/auth cache/connections on captured session; controller retains profile on failure. Nontransactional clearing and native Windows failures remain open.,e6ffe767 source/native tests together;7d15a032 native timeout follow-up. Later Node characterization98353af7; missing-await mutations each fail2 and swallowed failure fails1.,4 later Node order/failure/retry cases pass with lint/composed-overlay types. Native cookies/auth/storage tests unrun here; current frozen target lacks new characterization pending reconciliation.
electron/src/accounts/AccountSessionCleanup.ts,A,application,Partial active cleanup review: sequential browser data/auth cache/connections on captured session; controller retains profile on failure. Nontransactional clearing and native Windows failures remain open.,e6ffe767 source/native tests together;7d15a032 native timeout follow-up. Later Node characterization98353af7; missing-await mutations each fail2 and swallowed failure fails1.,4 inert ordering/failure/retry cases included in108 composed5eef88e6 logging/cleanup/retired IPC Node cases; types/lint pass. Native cookies/auth/storage and Windows failures remain open.
electron/src/accounts/AccountSessionCleanupOrder.test.main.ts,A,test/fixture,"Reviewed inert-session stage ordering, exact error propagation, stopping later stages and successful same-session retry. Does not simulate native clearing.",Later characterization98353af7 of existinge6ffe767 source; missing awaits fail2 each; swallowing clearData failure fails1; source restored.,4 cases included in108 composed5eef88e6 Node logging/cleanup/retired IPC cases; Electron test types and lint pass. Native data/auth/cache isolation remains unqualified.
electron/src/accounts/AccountState.test.main.ts,A,test/fixture,"Partial state review: clone ownership, persistence before publication, display snapshot exclusions, exact-account transitions and survivor/fresh-account selection. Controller side effects/authorization remain separate.",331f0a41 source/tests same commit;1473439e/e6e71ce4/bb46ddea/aa9e612a subsequent event/controller/SSO behavior. Current sensitivity proves publish-after-persist and session snapshot exclusion.,Included in48 passing composed68ce2478 profile/state/cleanup/retired IPC Node cases; Electron test types/lint pass. Prior publish/snapshot sensitivities retained. Native controller/profile/ciphertext qualification remains open.
electron/src/accounts/AccountState.ts,A,application,"Partial state review: clone ownership, persistence before publication, display snapshot exclusions, exact-account transitions and survivor/fresh-account selection. Controller side effects/authorization remain separate.",331f0a41 source/tests same commit;1473439e/e6e71ce4/bb46ddea/aa9e612a subsequent event/controller/SSO behavior. Current sensitivity proves publish-after-persist and session snapshot exclusion.,Included in48 passing composed68ce2478 profile/state/cleanup/retired IPC Node cases; Electron test types/lint pass. Prior publish/snapshot sensitivities retained. Native controller/profile/ciphertext qualification remains open.
electron/src/accounts/AccountViews.test.main.ts,A,test/fixture,pending,pending,pending
electron/src/accounts/AccountViews.ts,A,application,"Partial setup/closing ownership review: four pre-try allocation leaks reproduced and fixed554fc245; reserve pre-entry cleanup partition until destruction. Native teardown errors/crash callbacks and full view review remain open. See cap001-view-setup-cleanup.md. Teardown follow-up8d8fe8cd retains failed cleanup privately/reserves partition, attempts revoke/detach/close, retries via close/dispose and handles crash/window event rejection. See cap001-view-teardown-recovery.md; native permission/session semantics and full view review remain open.","Separate setup baselined8b066a6 (5 pass/4 fail); additional reservation baseline164761dc fails pre-entry race against initial try fix; corrected554fc245, composed5ad76db6. Original/native provenance remains pending. Baselinesd679ee73/2db61aff precede8d8fe8cd; composed1a5363f3. Five teardown/reporting mutations fail3/6/2/2/1 then restore20.","11 actual-class/real-registry inert cases pass; old-setup/cleanup/reservation mutations fail6/3/1 and restore.101 composed Node cases, Electron/production types and lint pass. Native setup/teardown not executed; final gates open. All20 view cases included in110 composed1a5363f3 Node checks; Electron/production types and lint pass. No native execution; build evidence recorded separately."
electron/src/accounts/AccountViewsSetup.test.main.ts,A,test/fixture,"Actual production class extracted via TypeScript with real registry and inert native/session/permission/load ports. Tests setup cleanup, authority revocation and account/partition reservation; not native acceptance. Teardown follow-up8d8fe8cd retains failed cleanup privately/reserves partition, attempts revoke/detach/close, retries via close/dispose and handles crash/window event rejection. See cap001-view-teardown-recovery.md; native permission/session semantics and full view review remain open.",Baselinesd8b066a6/164761dc precede554fc245; old setup/unregistered cleanup/reservation sensitivities fail6/3/1 then restore11. Baselinesd679ee73/2db61aff precede8d8fe8cd; composed1a5363f3. Five teardown/reporting mutations fail3/6/2/2/1 then restore20.,11 cases in101 composed5ad76db6 Node cases; Electron/production types and lint pass. See cap001-view-setup-cleanup.md. All20 view cases included in110 composed1a5363f3 Node checks; Electron/production types and lint pass. No native execution; build evidence recorded separately.
electron/src/accounts/loadAccountDestination.test.main.ts,A,test/fixture,"Reviewed authorized replacement completion, cancellation, cleanup and fresh bounded native-load diagnostics; initial load has no added whole-operation deadline. See logging-diagnostic-review.md.",81052251 redirect source/tests;668987ed confidentiality baseline before5c596187; laterdfb19f0a adds5 cases now composed308fceb4.,20 navigation cases pass within29 composed308fceb4 tests; raw/filter perturbations remain historical11/2 failures; native and final platform qualification open.
electron/src/accounts/loadAccountDestination.ts,A,application,"Reviewed authorized replacement completion, cancellation, cleanup and fresh bounded native-load diagnostics; initial load has no added whole-operation deadline. See logging-diagnostic-review.md.","81052251 redirect source/tests; separate668987ed confidentiality baseline before5c596187; laterdfb19f0a adds5 diagnostic cases, not yet in frozen65e258ab.",20 Node fixture cases pass on same production blob with later tests; raw-error/filter perturbations fail11/2; native completion and final composed qualification remain open.
electron/src/accounts/readLegacyAccountState.test.main.ts,A,test/fixture,"Reviewed native fixture seeds old file-origin storage through debugger and asserts disabled preferences, exact session/state, retained cookies, absent/failed distinction and window cleanup. Native fixture not run here.",Introduced with reader implementation11b3e46b; no separate preimplementation baseline established for these native cases. Later inert baseline8dacee5c is distinct.,Existing four native reader cases remain unrun; later11 inert lifecycle cases do not prove real storage/debugger/window outcomes. Require final native migration and failure qualification.
electron/src/accounts/readLegacyAccountState.ts,A,application,Partial migration-reader review: selected session and disabled script/Node/webviews; guard setup inside cleanup; detach failure still attempts destruction. Actual native protocol/window behavior and destroy failure remain open.,11b3e46b source/native tests together; separate8dacee5c inert baseline8 pass/3 fail before0c7152bf. Setup/detach sensitivity fails2/1.,11 inert lifecycle cases included in59 composedb2a72752 Node profile/cleanup/reader checks; Electron/production types and lint pass. Native reader migration/cookies and compatibility policy unqualified.
electron/src/accounts/readLegacyAccountStateLifecycle.test.main.ts,A,test/fixture,"Reviewed actual production initializer executed with inert native ports; exact state, absence, byte limit, preferences and eight stage failures checked.",8dacee5c separate baseline8 pass/3 fail before0c7152bf; reverted setup/detach failure patterns fail2/1 then restored11 pass.,11 cases included in59 composedb2a72752 Node checks; test/production types and lint pass. Native lifecycle/storage/debugger and destroy failure remain unqualified.
electron/src/auth/ProxyConfiguration.test.main.ts,A,test/fixture,Reviewed actual top-level startup AST block with inert ports; supported schemes/hostname checked before assignment and file switch. CLI precedence preserved.,6c41d6f9 baseline6 pass/10 fail before d5e32f55; scheme/SOCKS/order mutations fail2/4/7 and restore25 startup/application cases.,16 startup cases included in47 composed06b58f50 Node proxy cases. Native CLI handling/startup and actual transport remain unqualified.
electron/src/auth/ProxyLogin.test.main.ts,A,test/fixture,Partial review in proxy-authentication-review.md; target-session/host/port protections traced. Terminal-close restoration corrected bycf9e228e in4441ef7a; native lifecycle and other listed limits remain open.,75761fce originals;42b0ff6a automatic-login source/tests same commit;79255557 routing;2fd2f5d1 event coverage; separatea5bcb6a5 precedescb495e9d state publication. See module-specific review.,Included in55 composed4441ef7a Node proxy cases; prior host/port/await sensitivities1/1/2. Terminal-close candidate tested through registration. Native authentication and raw diagnostics remain separate.
electron/src/auth/ProxyLogin.ts,A,application,Partial review in proxy-authentication-review.md; target-session/host/port protections traced. Terminal-close restoration corrected bycf9e228e in4441ef7a; native lifecycle and other listed limits remain open.,75761fce originals;42b0ff6a automatic-login source/tests same commit;79255557 routing;2fd2f5d1 event coverage; separatea5bcb6a5 precedescb495e9d state publication. See module-specific review.,Included in55 composed4441ef7a Node proxy cases; prior host/port/await sensitivities1/1/2. Terminal-close candidate tested through registration. Native authentication and raw diagnostics remain separate.
electron/src/auth/ProxyPromptActions.test.main.ts,A,test/fixture,Partial review in proxy-authentication-review.md; target-session/host/port protections traced. Terminal-close restoration corrected bycf9e228e in4441ef7a; native lifecycle and other listed limits remain open.,75761fce originals;42b0ff6a automatic-login source/tests same commit;79255557 routing;2fd2f5d1 event coverage; separatea5bcb6a5 precedescb495e9d state publication. See module-specific review.,Included in55 composed4441ef7a Node proxy cases; prior host/port/await sensitivities1/1/2. Terminal-close candidate tested through registration. Native authentication and raw diagnostics remain separate.
electron/src/auth/ProxyPromptActions.ts,A,application,Partial review in proxy-authentication-review.md; target-session/host/port protections traced. Terminal-close restoration corrected bycf9e228e in4441ef7a; native lifecycle and other listed limits remain open.,75761fce originals;42b0ff6a automatic-login source/tests same commit;79255557 routing;2fd2f5d1 event coverage; separatea5bcb6a5 precedescb495e9d state publication. See module-specific review.,Included in55 composed4441ef7a Node proxy cases; prior host/port/await sensitivities1/1/2. Terminal-close candidate tested through registration. Native authentication and raw diagnostics remain separate.
electron/src/auth/ProxyPromptCoordinator.test.main.ts,A,test/fixture,Partial review in proxy-authentication-review.md; target-session/host/port protections traced. Terminal-close restoration corrected bycf9e228e in4441ef7a; native lifecycle and other listed limits remain open.,Originals75761fce; terminal-close baseline466c384a passes7/fails2 beforecf9e228e; later cleanup error tests4a75a8bc. Retry/cleanup/live retry sensitivities3/1/1; swallowed cleanup error fails2.,14 focused lifecycle cases and55 composed4441ef7a Node proxy cases pass; Electron/production types and lint pass. Native close/IPC/session and simultaneous challenges unqualified; error delivery is not redaction.
electron/src/auth/ProxyPromptCoordinator.ts,A,application,Partial review in proxy-authentication-review.md; target-session/host/port protections traced. Terminal-close restoration corrected bycf9e228e in4441ef7a; native lifecycle and other listed limits remain open.,Originals75761fce; terminal-close baseline466c384a passes7/fails2 beforecf9e228e; later cleanup error tests4a75a8bc. Retry/cleanup/live retry sensitivities3/1/1; swallowed cleanup error fails2.,14 focused lifecycle cases and55 composed4441ef7a Node proxy cases pass; Electron/production types and lint pass. Native close/IPC/session and simultaneous challenges unqualified; error delivery is not redaction.
electron/src/auth/ProxyPromptRegistration.test.main.ts,A,test/fixture,Partial review in proxy-authentication-review.md; target-session/host/port protections traced. Terminal-close restoration corrected bycf9e228e in4441ef7a; native lifecycle and other listed limits remain open.,Originals75761fce; terminal-close baseline466c384a passes7/fails2 beforecf9e228e; later cleanup error tests4a75a8bc. Retry/cleanup/live retry sensitivities3/1/1; swallowed cleanup error fails2.,14 focused lifecycle cases and55 composed4441ef7a Node proxy cases pass; Electron/production types and lint pass. Native close/IPC/session and simultaneous challenges unqualified; error delivery is not redaction.
electron/src/auth/ProxyPromptRegistration.ts,A,application,Partial review in proxy-authentication-review.md; target-session/host/port protections traced. Terminal-close restoration corrected bycf9e228e in4441ef7a; native lifecycle and other listed limits remain open.,Originals75761fce; terminal-close baseline466c384a passes7/fails2 beforecf9e228e; later cleanup error tests4a75a8bc. Retry/cleanup/live retry sensitivities3/1/1; swallowed cleanup error fails2.,14 focused lifecycle cases and55 composed4441ef7a Node proxy cases pass; Electron/production types and lint pass. Native close/IPC/session and simultaneous challenges unqualified; error delivery is not redaction.
electron/src/auth/ProxySettingsApplication.test.main.ts,A,test/fixture,Reviewed production AST loader is now shared with native tests; exact transport/options/credential assertions preserved in d204e2d5.,d49d3bf3 baseline3 pass/6 fail before1381a854; scheme/full-URL sensitivities6/8; existing HTTP controls sensitive to omitted application.,9 inert application cases included in31 composed2ea74556 Node cases; extracted loader sensitivity fails6 then restores9. Native resolution remains unrun.
electron/src/auth/ProxySettingsNative.test.main.ts,A,test/fixture,Reviewed isolated ephemeral sessions; real setProxy/resolveProxy; exact PAC transport/default-port/IPv6 results for HTTP/HTTPS destinations; reset in finally. No page or handshake.,Later native coverage d204e2d5 follows production1381a854; not a prior baseline. Native execution and mutation sensitivity pending.,Seven authored native cases are unrun; type/lint pass on2ea74556 only. Handshake/authentication and all-platform qualification remain open.
electron/src/calling/PictureInPictureCall.test.main.ts,A,test/fixture,pending,pending,pending
electron/src/calling/PictureInPictureCall.ts,M,application,pending,pending,pending
electron/src/calling/PictureInPictureOwners.test.main.ts,A,test/fixture,pending,pending,pending
electron/src/calling/PictureInPictureOwners.ts,A,application,pending,pending,pending
electron/src/calling/display/DisplayCaptureAdapter.ts,A,application,pending,pending,pending
electron/src/calling/display/DisplayCaptureCleanup.test.main.ts,A,test/fixture,"Actual coordinator fields/methods compiled with constructor IPC binding omitted and synthetic owned flows/native ports. Covers teardown stages, retry/reservations, cap and reentrancy; no native capture. Partial port transfer ownership review: untransferred endpoints close; failed closure retains retry ownership. Native transfer atomicity remains open. Actual configurePermission callback policy reviewed: exact broker/frame, current owner/start phase, one-shot media then selected display; retained callbacks deny after teardown. Partial setup/native/session lifetime remains open.",Baselines82f6e965/a389b683 before8727695e; settlement/retention/cap/reentry/revalidation mutations fail8/6/1/1/1 and restore8. Baseline8986305a (10 pass/2 fail) before26706fb8; closure/ownership mutations fail3/4 then restore13. Test-only14a1578e adds13 passing cases; six guard mutations each fail1 after strengthening independent phase coverage.,"8 cleanup cases plus9 contract cases pass on40f9b191; Electron/production types, lint and production build pass. Native constructor/stream/permission/port lifecycle still open. Composition4b1eb667:22 inert cleanup/contract cases plus types/lint/build observed September22; temporary logs lost September23. Native constructor/session/port qualification remains open. Composed7fbd3b7d passes35 inert cases; standalone strict test types and lint pass with surviving root dependencies. No new full-build/native claim. September23 immutable own-dependency revalidation at unchanged0a961791 passes all four typecheck groups,40 capture cases,targeted lint and production build; see recovered-candidate-qualification.md. Native gates remain open."
electron/src/calling/display/DisplayCaptureContract.test.main.ts,A,test/fixture,pending,pending,pending
electron/src/calling/display/DisplayCaptureContract.ts,A,application,pending,pending,pending
electron/src/calling/display/DisplayCaptureCoordinator.test.main.ts,A,test/fixture,pending,pending,pending
electron/src/calling/display/DisplayCaptureCoordinator.ts,A,application,"Partial end/revalidate/dispose/admission review: reproduced interrupted cancellation and lost cleanup ownership;8727695e settles once, attempts all cleanup and retains bounded failed owners for retry. Full constructor/permission/port/source/native scope remains open. See cap003-capture-cleanup-recovery.md. Partial port transfer ownership review: untransferred endpoints close; failed closure retains retry ownership. Native transfer atomicity remains open. Actual configurePermission callback policy reviewed: exact broker/frame, current owner/start phase, one-shot media then selected display; retained callbacks deny after teardown. Partial setup/native/session lifetime remains open. Confirmed async startup fulfillment exception gap fixed by terminal catch5ca6dbf6; synchronous partial setup still open. Partial constructor failure reproduced; ce028312 rolls back acquired bindings without removing foreign handler. Synchronous flow/session/listener setup remains open. Synchronous registration/permission/popup/navigation failure response characterized with acquired-resource assertions; pre-flow/native partial installation/session lifetime remains unqualified.","Original source/native fixturea90c6892; separate82f6e965 cleanup baseline and latera389b683 revalidation baseline precede8727695e. Native fixture not executed here. Baseline8986305a (10 pass/2 fail) before26706fb8; closure/ownership mutations fail3/4 then restore13. Test-only14a1578e adds13 passing cases; six guard mutations each fail1 after strengthening independent phase coverage. Startup baseline57c46a3b/8e8b5682 (2 pass/3 fail), no-cleanup mutation4fail. Constructor d1df4fca2pass5fail beforece028312; mutations5/6fail. c9a542c1 adds6 passing setup cases; cancellation/revocation mutations fail6/9 then restore11 startup cases.","8 inert actual-field/method cases plus9 contract cases pass; five mutations fail8/6/1/1/1 then restore. Composed40f9b191 types/lint/build pass. No native/OS stream-termination claim. Composition4b1eb667:22 inert cleanup/contract cases plus types/lint/build observed September22; temporary logs lost September23. Native constructor/session/port qualification remains open. Composed7fbd3b7d passes35 inert cases; standalone strict test types and lint pass with surviving root dependencies. No new full-build/native claim. Latest0a961791 passes40 inert capture cases; source/test lint and standalone fixture types pass; no new native/full-build claim. September23 immutable own-dependency revalidation at unchanged0a961791 passes all four typecheck groups,40 capture cases,targeted lint and production build; see recovered-candidate-qualification.md. Native gates remain open. Latest1c301664 passes47 inert capture cases, Electron test types/lint/build; no native claim. Latest1555802d passes53 combined capture cases, Electron test types and lint; runtime unchanged from1c301664."
electron/src/calling/display/DisplayCaptureRegistration.test.main.ts,A,test/fixture,"Complete actual class/contract helper and real authorization binder, with inert duplicate-rejecting IPC port. Checks acquired-handler rollback, foreign-owner preservation and clean retry; native removal/lifecycle not qualified.",Separate d1df4fca baseline2 pass/5 fail before ce028312; omission/foreign-deletion mutations fail5/6 then restore7.,"7 registration plus40 prior capture cases pass at1c301664; Electron test types, targeted lint and production build pass with pinned own dependencies. Native/session partial setup remains open."
electron/src/calling/display/DisplayCaptureRenderer.test.renderer.ts,A,test/fixture,pending,pending,pending
electron/src/calling/display/DisplayCaptureStartup.test.main.ts,A,test/fixture,"Actual class minus constructor IPC binding; captures otherwise discarded load chain with AST observation. Inert window/session/registration ports; asserts settlement and owned cleanup, no native qualification. Synchronous registration/permission/popup/navigation failure response characterized with acquired-resource assertions; pre-flow/native partial installation/session lifetime remains unqualified.",Separate57c46a3b baseline2 pass/3 fail;8e8b5682 fixes whitespace observation and repeats baseline;5ca6dbf6 runtime fix. Swallowed-cleanup mutation fails4 then restores. c9a542c1 adds6 passing setup cases; cancellation/revocation mutations fail6/9 then restore11 startup cases.,"5 startup cases plus35 prior capture cases pass on0a961791; targeted lint and strict standalone test types pass. Full composed build/native startup remain open. September23 immutable own-dependency revalidation at unchanged0a961791 passes all four typecheck groups,40 capture cases,targeted lint and production build; see recovered-candidate-qualification.md. Native gates remain open. Latest1555802d passes53 combined capture cases, Electron test types and lint; runtime unchanged from1c301664."
electron/src/lib/CertificateDependency.test.main.ts,A,test/fixture,Reviewed real parser and temporary pin lifetime,0d792464 eight passing baseline cases,Three pin-denial sensitivity failures; patched eight pass; native callback qualification pending
electron/src/lib/CertificateVerifyProcManager.test.main.ts,A,test/fixture,pending,pending,pending
electron/src/lib/CertificateVerifyProcManager.ts,M,application,pending,pending,pending
electron/src/lib/CoreProtocol.test.main.ts,M,test/fixture,pending,pending,pending
electron/src/lib/CoreProtocol.ts,M,application,F-018 failure catch reviewed and fixed bya2d77b19; routing unchanged in composed308fceb4. Registration/platform and full module review remain open.,Separatebdbe1595 baseline5 controls pass/4 confidentiality failures; a2d77b19 fix9 pass; omission sensitivities1 delivery/4 diagnostics.,9 inert real-handler/parser cases pass within29 composed308fceb4 tests; native CoreProtocol registration/routing and final platform gates remain open.
electron/src/lib/CoreProtocolDiagnostics.test.main.ts,A,test/fixture,Reviewed inert VM adapter executes actual handler and real parser; exact routing/refusal/useful non-secret diagnostic assertions.,bdbe1595 baseline5 controls pass/4 failures beforea2d77b19; success omission and diagnostic omission sensitivity verified.,"9 cases pass within29 composed308fceb4 cases; tests replace native delivery only, not native/platform qualification."
electron/src/lib/LocalAccountDeletion.test.main.ts,A,test/fixture,pending,pending,pending
electron/src/lib/LocalAccountDeletion.ts,M,application,pending,pending,pending
electron/src/lib/accountLogDeletion.test.main.ts,A,test/fixture,Reviewed lexical containment and exact UUID/legacy layout selection; legacy adapter weaker than native per-ancestor checks. See logging-path-writer-review.md.,d0510140/dce4c285 legacy helper;10399b47 containment correction; no new original-baseline claim. See logging-path-writer-review.md.,Included in43 composed Node cases; full legacy adapter and diagnostic confidentiality review remain open. See logging-path-writer-review.md.
electron/src/lib/accountLogDeletion.ts,A,application,Reviewed lexical containment and exact UUID/legacy layout selection; legacy adapter weaker than native per-ancestor checks. See logging-path-writer-review.md.,d0510140/dce4c285 legacy helper;10399b47 containment correction; no new original-baseline claim. See logging-path-writer-review.md.,Included in43 composed Node cases; full legacy adapter and diagnostic confidentiality review remain open. See logging-path-writer-review.md.
electron/src/lib/applicationBootstrap.test.main.ts,A,test/fixture,pending,pending,pending
electron/src/lib/applicationBootstrap.ts,A,application,pending,pending,pending
electron/src/lib/availability.ts,A,application,pending; ELC-003 badge enum consumer locally reviewed; final composed review pending,pending; c35af26c numeric-wire baseline passes; two wrong-enum assertions per consumer fail then restore,pending; renderer80/controller9 pass after fresh install; actual packaged pruning/native qualification pending
electron/src/lib/configureEnforcedDownloads.test.main.ts,A,test/fixture,pending,pending,pending
electron/src/lib/configureEnforcedDownloads.ts,A,application,pending,pending,pending
electron/src/lib/download.test.main.ts,M,test/fixture,pending,pending,pending
electron/src/lib/download.ts,M,application,pending,pending,pending
electron/src/lib/enumerateDesktopSources.test.main.ts,A,test/fixture,pending,pending,pending
electron/src/lib/enumerateDesktopSources.ts,A,application,pending,pending,pending
electron/src/lib/eventType.ts,M,application,pending,pending,pending
electron/src/lib/fireAndForgetInvoker.test.main.ts,A,test/fixture,"Reviewed synchronous invocation, promise tracking, finally release and observer-failure reporting; errors intentionally forwarded unchanged. See logging-diagnostic-review.md.",1781c337 source/test together; no separate preimplementation baseline established. See logging-diagnostic-review.md.,5 cases pass at65e258ab; omitted reporting fails3; snapshot semantics and repeated reporter failure remain explicit limits. See logging-diagnostic-review.md.
electron/src/lib/fireAndForgetInvoker.ts,A,application,"Reviewed synchronous invocation, promise tracking, finally release and observer-failure reporting; errors intentionally forwarded unchanged. See logging-diagnostic-review.md.",1781c337 source/test together; no separate preimplementation baseline established. See logging-diagnostic-review.md.,5 cases pass at65e258ab; omitted reporting fails3; snapshot semantics and repeated reporter failure remain explicit limits. See logging-diagnostic-review.md.
electron/src/lib/forwardWrapperReloadRequest.test.main.ts,M,test/fixture,pending,pending,pending
electron/src/lib/openGraph.test.main.ts,M,test/fixture,pending,pending,pending
electron/src/lib/openGraph.ts,M,application,pending,pending,pending
electron/src/lib/updateDownloadLocation.test.main.ts,A,test/fixture,pending,pending,pending
electron/src/lib/updateDownloadLocation.ts,A,application,pending,pending,pending
electron/src/lib/zip.ts,D,application,Deletion verified at 035aae92; no zipFiles or lib/zip consumers remain in composed electron/bin tree,035aae92 replaced materialized log export with streaming snapshots; no standalone pre-deletion test provenance claimed,Deleted helper has no instrumentable target; retained logExport/loggerUtils behavior requires their own review
electron/src/locale/en-US.json,M,application,pending,pending,pending
electron/src/locale/index.ts,M,application,pending,pending,pending
electron/src/locale/languages.ts,A,application,pending,pending,pending
electron/src/locale/systemLocale.test.main.ts,A,test/fixture,pending,pending,pending
electron/src/locale/systemLocale.ts,A,application,pending,pending,pending
electron/src/logging/boundedLogAdmission.test.main.ts,A,test,local admission and ownership review,aaa7e250 four controls pass and seven targets fail before correction,native and composed qualification pending
electron/src/logging/boundedLogWriter.test.main.ts,A,test/fixture,pending,pending,pending
electron/src/logging/boundedLogWriter.ts,A,application,local F-013 admission/rotation/lifetime review; native qualification pending,aaa7e250 failing targets before fix; 4bdaffa0 retrospective collision controls; later gap tests disclosed,fresh Node 76/76 statements 34/34 branches 12/12 functions; native/composed pending
electron/src/logging/desktopLogWriter.test.main.ts,A,test/fixture,"Reviewed bounded writer filesystem adapter, non-overwrite rotation and cleanup coalescing; raw background diagnostics need separate review. See logging-path-writer-review.md.",8872a5b3 coordination;9f0ecab7 active-tracking removal;7d5c34bb flush; facade test correctionb49d64f9 is later than target. See logging-path-writer-review.md.,LF-only assertion corrected byb49d64f9 and composed65e258ab;3 LF/3 controlled CRLF cases plus98 combined Node cases pass. Actual native Windows remains open.
electron/src/logging/desktopLogWriter.ts,A,application,"Reviewed bounded writer filesystem adapter, non-overwrite rotation and cleanup coalescing; raw background diagnostics need separate review. See logging-path-writer-review.md.",8872a5b3 coordination;9f0ecab7 active-tracking removal;7d5c34bb flush; facade test correctionb49d64f9 is later than target. See logging-path-writer-review.md.,LF-only assertion corrected byb49d64f9 and composed65e258ab;3 LF/3 controlled CRLF cases plus98 combined Node cases pass. Actual native Windows remains open.
electron/src/logging/getLogger.ts,M,application,initial source pass; final review pending,pending,pending
electron/src/logging/logCleanup.test.main.ts,A,test/fixture,Reviewed original assertions plus refusal/error/continuation/retry targets from7b7f09e5; production unchanged. See logging-boundary-review.md.,"Original same-commit tests disclosed; later test-only baseline7b7f09e5, seven assertion-sensitive perturbations restored; composed65e258ab.",Included in98 composed Node cases at65e258ab; native filesystem errors and final platform coverage remain open.
electron/src/logging/logCleanup.ts,A,application,"Reviewed serial metadata/removal, failure continuation, deepest-first empty parents and concurrent-run coalescing; production unlink/rmdir adapters inspected. See logging-boundary-review.md (a795057b).",d0510140 source/test together; dce4c285 adds ancestor cleanup and tests; no separate preimplementation baseline established. See logging-boundary-review.md (a795057b).,5 cases pass including real directory preservation; omitting file removal fails 3 targets. Discovery/stat/directory failure continuation and rerun-after-failure need direct assertions; raw filesystem diagnostics remain separate review scope. See logging-boundary-review.md (a795057b).
electron/src/logging/logCleanupScheduler.test.main.ts,A,test/fixture,"Reviewed interval forwarding, observed callback and unref; process-lifetime interval without cancellation. See logging-diagnostic-review.md.",d0510140 source/test origin; same-commit characterization not relabelled prior baseline. See logging-diagnostic-review.md.,1 case passes at65e258ab; omitted unref fails; test uses60000ms whereas production constant is one hour; no native shutdown claim. See logging-diagnostic-review.md.
electron/src/logging/logCleanupScheduler.ts,A,application,"Reviewed interval forwarding, observed callback and unref; process-lifetime interval without cancellation. See logging-diagnostic-review.md.",d0510140 source/test origin; same-commit characterization not relabelled prior baseline. See logging-diagnostic-review.md.,1 case passes at65e258ab; omitted unref fails; test uses60000ms whereas production constant is one hour; no native shutdown claim. See logging-diagnostic-review.md.
electron/src/logging/logDirectoryAncestors.test.main.ts,A,test/fixture,Reviewed lexical containment and deepest-first parent enumeration; root/outside paths excluded; no filesystem identity guarantee. See logging-boundary-review.md (a795057b).,dce4c285 source/test together; no separate preimplementation baseline established. See logging-boundary-review.md (a795057b).,2 lexical boundary cases pass; adding root to returned ancestors fails both. Windows path semantics still require native platform gate. See logging-boundary-review.md (a795057b).
electron/src/logging/logDirectoryAncestors.ts,A,application,Reviewed lexical containment and deepest-first parent enumeration; root/outside paths excluded; no filesystem identity guarantee. See logging-boundary-review.md (a795057b).,dce4c285 source/test together; no separate preimplementation baseline established. See logging-boundary-review.md (a795057b).,2 lexical boundary cases pass; adding root to returned ancestors fails both. Windows path semantics still require native platform gate. See logging-boundary-review.md (a795057b).
electron/src/logging/logDirectoryCleanup.test.main.ts,A,test/fixture,Reviewed original assertions plus refusal/error/continuation/retry targets from7b7f09e5; production unchanged. See logging-boundary-review.md.,"Original same-commit tests disclosed; later test-only baseline7b7f09e5, seven assertion-sensitive perturbations restored; composed65e258ab.",Included in98 composed Node cases at65e258ab; native filesystem errors and final platform coverage remain open.
electron/src/logging/logDirectoryCleanup.ts,A,application,Reviewed lstat-derived directory/symlink gate; nonrecursive rmdir; expected missing/nonempty races treated as success; other errors retained. See logging-boundary-review.md (a795057b).,dce4c285 source/test together; no separate preimplementation baseline established. See logging-boundary-review.md (a795057b).,Unexpected-error identity assertion and owned-filesystem symlink/nonempty controls pass; swallowing unexpected error fails 1 target. Direct ENOENT/EEXIST/non-directory and ancestor-wrapper stop-on-error targets remain missing. See logging-boundary-review.md (a795057b).
electron/src/logging/logExport.test.main.ts,A,test/fixture,Existing snapshot/stream assertions retained; F-017 failing-stream adapter follows provided staging path; broader test review pending,465f9dad streaming tests; later lifecycle fixes; 5367256f existing nine pass before staged publication,Included in F-017 seventeen-case suite; original staging API added without weakening assertions; native qualifiers pending
electron/src/logging/logExport.ts,A,application,F-017 adjacent private staging/publication and failure ownership reviewed; broader log-export review pending,5367256f ten controls pass/two failures; later staging/publication/permission regressions,17 filesystem/ZIP cases; bypass/publication/cleanup sensitivity fails2/1/1; native filesystem/ACL/chooser pending
electron/src/logging/logExportDependencies.ts,A,application,F-017 adjacent private staging/publication and failure ownership reviewed; broader log-export review pending,5367256f ten controls pass/two failures; later staging/publication/permission regressions,17 filesystem/ZIP cases; bypass/publication/cleanup sensitivity fails2/1/1; native filesystem/ACL/chooser pending
electron/src/logging/logExportRecovery.test.main.ts,A,test/fixture,F-017 adjacent private staging/publication and failure ownership reviewed; broader log-export review pending,5367256f ten controls pass/two failures; later staging/publication/permission regressions,17 filesystem/ZIP cases; bypass/publication/cleanup sensitivity fails2/1/1; native filesystem/ACL/chooser pending
electron/src/logging/logFiles.test.main.ts,A,test/fixture,Reviewed extension-only recursive discovery; child symlink traversal disabled; trusted root and no concurrent path substitution assumed. See logging-boundary-review.md (a795057b).,19268e65 source/test together; test adjusted d0510140; no separate preimplementation baseline established. See logging-boundary-review.md (a795057b).,Real owned-filesystem discovery passes; enabling symlink traversal fails 1 assertion. Root-symlink and concurrent replacement resistance not established. See logging-boundary-review.md (a795057b).
electron/src/logging/logFiles.ts,A,application,Reviewed extension-only recursive discovery; child symlink traversal disabled; trusted root and no concurrent path substitution assumed. See logging-boundary-review.md (a795057b).,19268e65 source/test together; test adjusted d0510140; no separate preimplementation baseline established. See logging-boundary-review.md (a795057b).,Real owned-filesystem discovery passes; enabling symlink traversal fails 1 assertion. Root-symlink and concurrent replacement resistance not established. See logging-boundary-review.md (a795057b).
electron/src/logging/logMaintenance.test.main.ts,A,test/fixture,"Reviewed synchronous admission via fireAndForgetInvoker, active-write exclusion, serial maintenance and finally release; queued operations are internal callers. See logging-boundary-review.md (a795057b).",1781c337 source/test together; no separate preimplementation baseline established. See logging-boundary-review.md (a795057b).,4 ordering/concurrency/recovery cases pass; bypassing active-write guard fails 1 target. Rejected-write release and repeated failures need direct assertions; total admission bound belongs to writer review. See logging-boundary-review.md (a795057b).
electron/src/logging/logMaintenance.ts,A,application,"Reviewed synchronous admission via fireAndForgetInvoker, active-write exclusion, serial maintenance and finally release; queued operations are internal callers. See logging-boundary-review.md (a795057b).",1781c337 source/test together; no separate preimplementation baseline established. See logging-boundary-review.md (a795057b).,4 ordering/concurrency/recovery cases pass; bypassing active-write guard fails 1 target. Rejected-write release and repeated failures need direct assertions; total admission bound belongs to writer review. See logging-boundary-review.md (a795057b).
electron/src/logging/logPaths.test.main.ts,A,test/fixture,Reviewed main-owned root/UTC paths and UUID ownership at production callers; helpers are not arbitrary-input validators. See logging-path-writer-review.md.,19268e65 extraction;d0510140 layout;3b147f3c renderer-root boundary. See logging-path-writer-review.md.,Native path tests inspected but not run; no fake-app result claimed as native acceptance. See logging-path-writer-review.md.
electron/src/logging/logPaths.ts,A,application,Reviewed main-owned root/UTC paths and UUID ownership at production callers; helpers are not arbitrary-input validators. See logging-path-writer-review.md.,19268e65 extraction;d0510140 layout;3b147f3c renderer-root boundary. See logging-path-writer-review.md.,Native path tests inspected but not run; no fake-app result claimed as native acceptance. See logging-path-writer-review.md.
electron/src/logging/logRetention.test.main.ts,A,test/fixture,Reviewed strict age cutoff then oldest-first size pruning; active files and links excluded from deletion; active bytes may keep total above target. See logging-boundary-review.md (a795057b).,d0510140 source/test together; no separate preimplementation baseline established. See logging-boundary-review.md (a795057b).,4 planner cases pass; removing active-file exclusion fails 1 target. Mixed expiry-plus-size dedup and link-byte exclusion deserve explicit targets; policy and metadata are internal trusted inputs. See logging-boundary-review.md (a795057b).
electron/src/logging/logRetention.ts,A,application,Reviewed strict age cutoff then oldest-first size pruning; active files and links excluded from deletion; active bytes may keep total above target. See logging-boundary-review.md (a795057b).,d0510140 source/test together; no separate preimplementation baseline established. See logging-boundary-review.md (a795057b).,4 planner cases pass; removing active-file exclusion fails 1 target. Mixed expiry-plus-size dedup and link-byte exclusion deserve explicit targets; policy and metadata are internal trusted inputs. See logging-boundary-review.md (a795057b).
electron/src/logging/logStartup.test.main.ts,A,test/fixture,Reviewed await-cleanup/report/schedule ordering; throwing reporter can prevent scheduling; no redaction guarantee. See logging-diagnostic-review.md.,9244eff4 source/test with30c1c2e2 follow-up; no separate preimplementation baseline established. See logging-diagnostic-review.md.,2 cases pass at65e258ab; omitted await fails both; raw diagnostic content and reporter-failure policy remain open. See logging-diagnostic-review.md.
electron/src/logging/logStartup.ts,A,application,Reviewed await-cleanup/report/schedule ordering; throwing reporter can prevent scheduling; no redaction guarantee. See logging-diagnostic-review.md.,9244eff4 source/test with30c1c2e2 follow-up; no separate preimplementation baseline established. See logging-diagnostic-review.md.,2 cases pass at65e258ab; omitted await fails both; raw diagnostic content and reporter-failure policy remain open. See logging-diagnostic-review.md.
electron/src/logging/loggerUtils.ts,M,application,F-017 production staging-port forwarding reviewed; diagnostic and broader composition review pending,pending,pending
electron/src/main.test.main.ts,A,test/fixture,pending,pending,pending
electron/src/main.ts,M,application,pending,pending,pending
electron/src/mainProcess.ts,A,application,Partial F-007/F-019 review retained; F-022 Windows download-complete icon now uses packaged logo. Remaining diagnostics/composition review pending,F-007/F-019 baselines retained; F-022 archive image baseline 7b532d29 preceded 8cb97698 icon-path correction,Required logo present in final Linux ASAR; actual Windows download dialog/native startup and broader module review pending
electron/src/managed/backends/ManagedBackends.test.main.ts,A,test/fixture,pending,pending,pending
electron/src/managed/backends/windows.ts,M,application,pending,pending,pending
electron/src/menu/AccountContextMenu.test.main.ts,A,test/fixture,pending,pending,pending
electron/src/menu/AccountContextMenu.ts,A,application,pending,pending,pending
electron/src/menu/AccountTheme.test.main.ts,A,test/fixture,pending,pending,pending
electron/src/menu/AccountTheme.ts,A,application,pending,pending,pending
electron/src/menu/TrayHandler.test.main.ts,M,test/fixture,pending,pending,pending
electron/src/menu/TrayHandler.ts,M,application,pending,pending,pending
electron/src/menu/developer.test.main.ts,A,test/fixture,F-010 scoped remediation; final review pending,b122d801/f5f8684c observed baseline; later fault/recovery regressions; native caller tests pending,pending
electron/src/menu/developer.ts,M,application,F-010 scoped remediation; final review pending,b122d801/f5f8684c observed baseline; later fault/recovery regressions; native caller tests pending,pending
electron/src/menu/system.test.main.ts,A,test/fixture,pending,pending,pending
electron/src/menu/system.ts,M,application,pending,pending,pending
electron/src/preload/AccountShellBridge.test.main.ts,A,test/fixture,"Reviewed fixed named methods/frozen facade, event stripping, main-trusted pushes, revision protection and idempotent display unsubscribe. One preload-lifetime IPC listener; native contextBridge and main publisher failures remain open. See account-display-review.md.",Bridge/source tests togetherbb46ddea; later4135f7a6 real-bridge/store integration race fixed in consumer59ae067b. Revision/unsubscribe mutations each fail1 then restore4; bridge source unchanged.,"4 bridge Node cases plus real-bridge startup race in82 passing renderer cases at7a3b6e72. No actual contextBridge serialization, native lifetime or main-publisher error acceptance."
electron/src/preload/AccountShellBridge.ts,A,application,"Reviewed fixed named methods/frozen facade, event stripping, main-trusted pushes, revision protection and idempotent display unsubscribe. One preload-lifetime IPC listener; native contextBridge and main publisher failures remain open. See account-display-review.md.",Bridge/source tests togetherbb46ddea; later4135f7a6 real-bridge/store integration race fixed in consumer59ae067b. Revision/unsubscribe mutations each fail1 then restore4; bridge source unchanged.,"4 bridge Node cases plus real-bridge startup race in82 passing renderer cases at7a3b6e72. No actual contextBridge serialization, native lifetime or main-publisher error acceptance."
electron/src/preload/AccountThemeContract.ts,A,application,pending,pending,pending
electron/src/preload/AccountThemeReceiver.test.main.ts,A,test/fixture,pending,pending,pending
electron/src/preload/AccountThemeReceiver.ts,A,application,pending,pending,pending
electron/src/preload/ApplicationShellBootstrap.test.main.ts,A,test/fixture,pending,pending,pending
electron/src/preload/ApplicationShellBootstrap.ts,A,application,pending,pending,pending
electron/src/preload/ApplicationShellBridge.test.main.ts,A,test/fixture,pending,pending,pending
electron/src/preload/ApplicationShellBridge.ts,A,application,pending,pending,pending
electron/src/preload/ApplicationShellMainWorld.test.main.ts,A,test/fixture,pending,pending,pending
electron/src/preload/ApplicationShellMainWorld.ts,A,application,pending,pending,pending
electron/src/preload/LegacyPreloadCompatibility.test.main.ts,A,test/fixture,pending,pending,pending
electron/src/preload/LegacyWebviewPreferences.test.main.ts,A,test/fixture,pending,pending,pending
electron/src/preload/LegacyWebviewPreferences.ts,A,application,pending,pending,pending
electron/src/preload/WebappBridge.test.main.ts,A,test/fixture,pending,pending,pending
electron/src/preload/WebappBridge.ts,A,application,pending,pending,pending
electron/src/preload/WebappEventBridge.test.main.ts,A,test/fixture,pending,pending,pending
electron/src/preload/WebappEventBridge.ts,A,application,pending,pending,pending
electron/src/preload/WebappMainWorld.test.main.ts,A,test/fixture,pending,pending,pending
electron/src/preload/WebappMainWorld.ts,A,application,pending,pending,pending
electron/src/preload/WebappPreloadEvents.test.main.ts,A,test/fixture,pending,pending,pending
electron/src/preload/WebappPreloadEvents.ts,A,application,pending,pending,pending
electron/src/preload/installWebappPreload.ts,A,application,pending,pending,pending
electron/src/preload/menu/ContextMenuImageAction.ts,A,application,pending,pending,pending
electron/src/preload/menu/contextMenuPolicy.test.main.ts,A,test/fixture,pending,pending,pending
electron/src/preload/menu/contextMenuPolicy.ts,A,application,pending,pending,pending
electron/src/preload/menu/preload-about.test.renderer.ts,M,test/fixture,pending,pending,pending
electron/src/preload/menu/preload-about.ts,M,application,pending,pending,pending
electron/src/preload/menu/preload-context.ts,M,application,pending,pending,pending
electron/src/preload/menu/preload-proxy-prompt.test.renderer.ts,A,test/fixture,pending,pending,pending
electron/src/preload/menu/preload-proxy-prompt.ts,M,application,pending,pending,pending
electron/src/preload/preload-account.test.main.ts,A,test/fixture,Reviewed inert actual-module IPC success and rejection console capture; native console persistence separate,f655d236 one forwarding pass/one private-Error failure; 3bfa7434 passes; raw-Error restoration fails target,2 direct-module cases pass; combined focused182; native/other preload diagnostics pending
electron/src/preload/preload-account.ts,A,application,Partial: fixed rejection diagnostic preserves fixed IPC event/channel; other preload and native lifecycle review pending,f655d236 forwarding control passes and confidential rejection target fails; 3bfa7434 fix; raw-Error mutation fails then restores,2 inert direct-module targets pass; actual native account-view startup and broader preload paths pending
electron/src/preload/preload-app.ts,M,application,pending,pending,pending
electron/src/preload/preload-display-broker.ts,A,application,pending,pending,pending
electron/src/preload/preload-display-pip.ts,A,application,pending,pending,pending
electron/src/preload/preload-secure-account.ts,A,application,pending,pending,pending
electron/src/preload/preload-shell.ts,A,application,pending,pending,pending
electron/src/preload/preload-webview.ts,M,application,pending,pending,pending
electron/src/runtime/EnvironmentUtil.test.main.ts,A,test/fixture,F-010 scoped remediation; final review pending,b122d801/f5f8684c observed baseline; later fault/recovery regressions; native caller tests pending,pending
electron/src/runtime/EnvironmentUtil.ts,M,application,F-010 scoped remediation; final review pending,b122d801/f5f8684c observed baseline; later fault/recovery regressions; native caller tests pending,pending
electron/src/runtime/configurePortableUserData.ts,A,application,pending,pending,pending
electron/src/runtime/lifecycle.test.main.ts,A,test/fixture,F-010 scoped remediation; final review pending,b122d801/f5f8684c observed baseline; later fault/recovery regressions; native caller tests pending,pending
electron/src/runtime/lifecycle.ts,M,application,F-010 scoped remediation; final review pending,b122d801/f5f8684c observed baseline; later fault/recovery regressions; native caller tests pending,pending
electron/src/runtime/portableUserData.test.main.ts,A,test/fixture,pending,pending,pending
electron/src/runtime/portableUserData.ts,A,application,pending,pending,pending
electron/src/runtime/rendererEnvironment.ts,A,application,pending,pending,pending
electron/src/runtime/rendererRuntimeArguments.test.main.ts,A,test/fixture,pending,pending,pending
electron/src/runtime/rendererRuntimeArguments.ts,A,application,pending,pending,pending
electron/src/runtime/wallClockLoader.mts,A,application,pending,pending,pending
electron/src/secureShell/SecureShellController.test.main.ts,A,test/fixture,pending,pending,pending
electron/src/secureShell/SecureShellController.ts,A,application,initial source pass; final review pending,pending,pending
electron/src/secureShell/bootstrap.test.main.ts,A,test/fixture,pending,pending,pending
electron/src/secureShell/bootstrap.ts,A,application,initial source pass; final review pending,pending,pending
electron/src/secureShell/constants.ts,A,application,pending,pending,pending
electron/src/secureShell/ipc.ts,A,application,pending,pending,pending
electron/src/secureShell/policy.ts,A,application,pending,pending,pending
electron/src/secureShell/protocol.ts,A,application,pending,pending,pending
electron/src/secureShell/securityPolicy.test.main.ts,A,test/fixture,"Partial common authority review at6e987dc5: frozen metadata, object/session/frame/origin/capability and lifecycle revocation. Actual native frame replacement and full caller/registration audit remain open.",Identity baseline8cf6f825 before9058fdd5; later revocation/exact URL/child/shell changes and9a93c6bb coverage mapped in common-ipc-review.md; native baselines not rerun.,9 selected view-authority Node cases pass using inert protocol import; destroy/crash/binding/duplicate mutations fail1/1/2/1 then restore9. Other securityPolicy tests and native deletion/frame/session gates not covered.
electron/src/security/AboutWindowContract.ts,A,application,pending,pending,pending
electron/src/security/AboutWindowIpc.test.main.ts,A,test/fixture,pending,pending,pending
electron/src/security/AboutWindowIpc.ts,A,application,pending,pending,pending
electron/src/security/AccountControlContract.ts,A,application,"Reviewed fixed command/event contracts, strict payload/response schemas, shell/account role separation, exact shell document and main-owned wiring/identity. Controller/renderer/native resource/error scope remains partial. See account-ipc-wiring-review.md.","Control source/tests togetherf29a46d0; event together1473439e; extensions/wiringe6e71ce4/bb46ddea; removal flag894df496. Later9bc86c79 exact-shell/awaited-removal coverage, composed1d7c2a52.","18 IPC cases pass; seven mutations fail3/2/1/1/1/1/2 then restore.147 selected composed Node cases, Electron test types and lint pass; actual native/frame/UI qualification open."
electron/src/security/AccountControlIpc.test.main.ts,A,test/fixture,"Reviewed fixed command/event contracts, strict payload/response schemas, shell/account role separation, exact shell document and main-owned wiring/identity. Controller/renderer/native resource/error scope remains partial. See account-ipc-wiring-review.md.","Control source/tests togetherf29a46d0; event together1473439e; extensions/wiringe6e71ce4/bb46ddea; removal flag894df496. Later9bc86c79 exact-shell/awaited-removal coverage, composed1d7c2a52.","18 IPC cases pass; seven mutations fail3/2/1/1/1/1/2 then restore.147 selected composed Node cases, Electron test types and lint pass; actual native/frame/UI qualification open."
electron/src/security/AccountControlIpc.ts,A,application,"Reviewed fixed command/event contracts, strict payload/response schemas, shell/account role separation, exact shell document and main-owned wiring/identity. Controller/renderer/native resource/error scope remains partial. See account-ipc-wiring-review.md.","Control source/tests togetherf29a46d0; event together1473439e; extensions/wiringe6e71ce4/bb46ddea; removal flag894df496. Later9bc86c79 exact-shell/awaited-removal coverage, composed1d7c2a52. Prior: pending; 156b601f pre-migration40 Node/80 renderer baseline","18 IPC cases pass; seven mutations fail3/2/1/1/1/1/2 then restore.147 selected composed Node cases, Electron test types and lint pass; actual native/frame/UI qualification open. Prior: pending; unknown-field sensitivity fails3 control/9 renderer tests; patched pass"
electron/src/security/AccountDataDeletionContract.ts,A,application,Retired production route: no current binder/capability grant in main/accounts/secureShell; legacy preload import remains. Fixed shell-only/UUID/exact registered-target contract reviewed; not active deletion proof.,d4984b73 source/tests together; later default-target coverageb66c45e2. PR47 route retirement recorded in IPC inventory. See account-deletion-review.md.,6 retained IPC Node cases pass alongside4 later cleanup cases. No native execution; actual removal is AccountController -> clearAccountSession -> native account logs.
electron/src/security/AccountDataDeletionIpc.test.main.ts,A,test/fixture,Retired production route: no current binder/capability grant in main/accounts/secureShell; legacy preload import remains. Fixed shell-only/UUID/exact registered-target contract reviewed; not active deletion proof.,d4984b73 source/tests together; later default-target coverageb66c45e2. PR47 route retirement recorded in IPC inventory. See account-deletion-review.md.,6 retained IPC Node cases pass alongside4 later cleanup cases. No native execution; actual removal is AccountController -> clearAccountSession -> native account logs.
electron/src/security/AccountDataDeletionIpc.ts,A,application,Retired production route: no current binder/capability grant in main/accounts/secureShell; legacy preload import remains. Fixed shell-only/UUID/exact registered-target contract reviewed; not active deletion proof.,d4984b73 source/tests together; later default-target coverageb66c45e2. PR47 route retirement recorded in IPC inventory. See account-deletion-review.md.,6 retained IPC Node cases pass alongside4 later cleanup cases. No native execution; actual removal is AccountController -> clearAccountSession -> native account logs.
electron/src/security/AccountEventContract.ts,A,application,"Reviewed fixed command/event contracts, strict payload/response schemas, shell/account role separation, exact shell document and main-owned wiring/identity. Controller/renderer/native resource/error scope remains partial. See account-ipc-wiring-review.md.","Control source/tests togetherf29a46d0; event together1473439e; extensions/wiringe6e71ce4/bb46ddea; removal flag894df496. Later9bc86c79 exact-shell/awaited-removal coverage, composed1d7c2a52.","18 IPC cases pass; seven mutations fail3/2/1/1/1/1/2 then restore.147 selected composed Node cases, Electron test types and lint pass; actual native/frame/UI qualification open."
electron/src/security/AccountEventIpc.test.main.ts,A,test/fixture,"Reviewed fixed command/event contracts, strict payload/response schemas, shell/account role separation, exact shell document and main-owned wiring/identity. Controller/renderer/native resource/error scope remains partial. See account-ipc-wiring-review.md.","Control source/tests togetherf29a46d0; event together1473439e; extensions/wiringe6e71ce4/bb46ddea; removal flag894df496. Later9bc86c79 exact-shell/awaited-removal coverage, composed1d7c2a52.","18 IPC cases pass; seven mutations fail3/2/1/1/1/1/2 then restore.147 selected composed Node cases, Electron test types and lint pass; actual native/frame/UI qualification open."
electron/src/security/AccountEventIpc.ts,A,application,"Reviewed fixed command/event contracts, strict payload/response schemas, shell/account role separation, exact shell document and main-owned wiring/identity. Controller/renderer/native resource/error scope remains partial. See account-ipc-wiring-review.md.","Control source/tests togetherf29a46d0; event together1473439e; extensions/wiringe6e71ce4/bb46ddea; removal flag894df496. Later9bc86c79 exact-shell/awaited-removal coverage, composed1d7c2a52. Prior: pending; 156b601f pre-migration40 Node/80 renderer baseline","18 IPC cases pass; seven mutations fail3/2/1/1/1/1/2 then restore.147 selected composed Node cases, Electron test types and lint pass; actual native/frame/UI qualification open. Prior: pending; unknown-field sensitivity fails3 control/9 renderer tests; patched pass"
electron/src/security/AccountPermissionConsent.test.main.ts,A,test/fixture,"Reviewed production eligibility layering, one pending owner-bound cancel-default dialog, canonical origin/scopes, abort and finally listener/slot cleanup. All7 native fixture cases inspected; no execution. See permission-session-review.md.",Source/native fixture together50d87d2c; actual dialog cancellation6ba7a58d. No separate original baseline inferred.,Native7-case fixture unrun here (6 real-window/stubbed-dialog;1 actual dialog cancellation). Policy/session Node evidence is separate; native focus/modal/abort and partial setup/disposal failure recovery remain open.
electron/src/security/AccountPermissionConsent.ts,A,application,"Reviewed production eligibility layering, one pending owner-bound cancel-default dialog, canonical origin/scopes, abort and finally listener/slot cleanup. All7 native fixture cases inspected; no execution. See permission-session-review.md.",Source/native fixture together50d87d2c; actual dialog cancellation6ba7a58d. No separate original baseline inferred.,Native7-case fixture unrun here (6 real-window/stubbed-dialog;1 actual dialog cancellation). Policy/session Node evidence is separate; native focus/modal/abort and partial setup/disposal failure recovery remain open.
electron/src/security/AccountPermissionPolicy.test.main.ts,A,test/fixture,"Reviewed exact registered account/frame/session/origin capability, scope allowlist, per-document grants, consent concurrency and post-await authorization. Native consent adapter/caller/resource scope remains partial. See permission-session-review.md.",Source/tests together565035fe; abort source/test together2ddc5ddc; transition cancellation37565aae. No separate original baseline claimed. Later29cf098d adapter composition exercises real policy.,11 policy plus8 real-policy/registry inert adapter cases pass; grant/concurrency/post-consent mutations fail1 each and restore.129 composedead3eff0 cases and test types/lint pass. Native dialog/OS behavior unqualified.
electron/src/security/AccountPermissionPolicy.ts,A,application,"Reviewed exact registered account/frame/session/origin capability, scope allowlist, per-document grants, consent concurrency and post-await authorization. Native consent adapter/caller/resource scope remains partial. See permission-session-review.md.",Source/tests together565035fe; abort source/test together2ddc5ddc; transition cancellation37565aae. No separate original baseline claimed. Later29cf098d adapter composition exercises real policy.,11 policy plus8 real-policy/registry inert adapter cases pass; grant/concurrency/post-consent mutations fail1 each and restore.129 composedead3eff0 cases and test types/lint pass. Native dialog/OS behavior unqualified.
electron/src/security/AccountPermissionSession.test.main.ts,A,test/fixture,"Reviewed session binding replacement, explicit deny disposal, pending once-only denial, queued cancellation and callback/report containment. Native fixture inspected but unrun; partial native setup/disposal failures remain open. See permission-session-review.md.",Adapter source/native fixture togetherbd9cb81b; later29cf098d adds8 inert cases using real policy/registry. No separate original baseline inferred.,Native fixture not run.19 policy/lifecycle Node cases pass; pending/completion/cancellation/stale-disposal mutations fail5/6/1/1 then restore. Test-onlyead3eff0 includes129 combined Node passes; types/lint pass. Native permissions and exception ownership remain open.
electron/src/security/AccountPermissionSession.ts,A,application,"Reviewed session binding replacement, explicit deny disposal, pending once-only denial, queued cancellation and callback/report containment. Native fixture inspected but unrun; partial native setup/disposal failures remain open. See permission-session-review.md.",Adapter source/native fixture togetherbd9cb81b; later29cf098d adds8 inert cases using real policy/registry. No separate original baseline inferred.,Native fixture not run.19 policy/lifecycle Node cases pass; pending/completion/cancellation/stale-disposal mutations fail5/6/1/1 then restore. Test-onlyead3eff0 includes129 combined Node passes; types/lint pass. Native permissions and exception ownership remain open.
electron/src/security/AccountPermissionSessionLifecycle.test.main.ts,A,test/fixture,Real policy/registry/session binder with inert native handlers;8 lifecycle cases. See permission-session-review.md.,Later29cf098d characterization composedead3eff0; seven source mutations fail5/6/1/1/1/1/1 then restore19 policy/adapter cases.,8 cases included in129 composed Node checks; Electron test types/lint pass. No native session/OS acceptance.
electron/src/security/AccountWindowPolicy.test.main.ts,A,test/fixture,pending,pending,pending
electron/src/security/AccountWindowPolicy.ts,A,application,initial source pass; final review pending,pending,pending
electron/src/security/AuthorizedIpc.test.main.ts,A,test/fixture,Common binder review at6e987dc5: authorization/quota/request before effect; response after effect; WeakMap object-keyed quota. Prior F003/F011 retained. Pending queues/native boundaries remain separate.,dd582136 source/tests same commit; quota d9e96fd1 and later c36dda26/e409e9ab; sync c1a71bd8 before7725f912; later3bb1e04e beforeac55c392. See common-ipc-review.md.,7 common+16 proxy Node cases pass; request/response/quota/view/reset/policy mutations fail3/1/6/2/2/1 then restored23. Native transport and per-handler resource/error limits remain open.
electron/src/security/AuthorizedIpc.ts,A,application,Common binder review at6e987dc5: authorization/quota/request before effect; response after effect; WeakMap object-keyed quota. Prior F003/F011 retained. Pending queues/native boundaries remain separate.,dd582136 source/tests same commit; quota d9e96fd1 and later c36dda26/e409e9ab; sync c1a71bd8 before7725f912; later3bb1e04e beforeac55c392. See common-ipc-review.md.,7 common+16 proxy Node cases pass; request/response/quota/view/reset/policy mutations fail3/1/6/2/2/1 then restored23. Native transport and per-handler resource/error limits remain open.
electron/src/security/BadgeCountContract.ts,A,application,pending,pending,pending
electron/src/security/BadgeCountIpc.test.main.ts,A,test/fixture,pending,pending,pending
electron/src/security/BadgeCountIpc.ts,A,application,pending,pending,pending
electron/src/security/DeepLinkSubmitContract.ts,A,application,pending,pending,pending
electron/src/security/DeepLinkSubmitIpc.test.main.ts,A,test/fixture,pending,pending,pending
electron/src/security/DeepLinkSubmitIpc.ts,A,application,pending,pending,pending
electron/src/security/DesktopSourcesContract.ts,A,application,pending,pending,pending
electron/src/security/DesktopSourcesIpc.test.main.ts,A,test/fixture,pending,pending,pending
electron/src/security/DesktopSourcesIpc.ts,A,application,pending,pending,pending
electron/src/security/DeveloperToolViewIdentity.test.main.ts,A,test/fixture,pending,pending,pending
electron/src/security/DeveloperToolViewIdentity.ts,A,application,pending,pending,pending
electron/src/security/DownloadLocationContract.ts,A,application,pending,pending,pending
electron/src/security/DownloadLocationIpc.test.main.ts,A,test/fixture,pending,pending,pending
electron/src/security/DownloadLocationIpc.ts,A,application,pending,pending,pending
electron/src/security/LegacyAccountViewIdentity.test.main.ts,A,test/fixture,pending,pending,pending
electron/src/security/LegacyAccountViewIdentity.ts,A,application,initial source pass; final review pending,pending,pending
electron/src/security/LocalContentPolicy.test.main.ts,A,test/fixture,pending,pending,pending
electron/src/security/LocalContentPolicy.ts,A,application,initial source pass; final review pending,pending,pending
electron/src/security/LocalContentProtocol.test.main.ts,A,test/fixture,pending,pending,pending
electron/src/security/LocalContentProtocol.ts,A,application,initial source pass; final review pending,pending,pending
electron/src/security/ManagedConfigContract.ts,A,application,pending,pending,pending
electron/src/security/ManagedConfigIpc.test.main.ts,A,test/fixture,pending,pending,pending
electron/src/security/ManagedConfigIpc.ts,A,application,initial source pass; final review pending,pending,pending
electron/src/security/NavigationGuard.test.main.ts,A,test/fixture,pending,pending,pending
electron/src/security/NavigationGuard.ts,A,application,initial source pass; final review pending,pending,pending
electron/src/security/NavigationPolicy.test.main.ts,A,test/fixture,pending,pending,pending
electron/src/security/NavigationPolicy.ts,A,application,initial source pass; final review pending,pending,pending
electron/src/security/NotificationActivationContract.ts,A,application,pending,pending,pending
electron/src/security/NotificationActivationIpc.test.main.ts,A,test/fixture,pending,pending,pending
electron/src/security/NotificationActivationIpc.ts,A,application,pending,pending,pending
electron/src/security/OpenGraphContract.ts,A,application,pending,pending,pending
electron/src/security/OpenGraphIpc.test.main.ts,A,test/fixture,pending,pending,pending
electron/src/security/OpenGraphIpc.ts,A,application,initial source pass; final review pending,pending,pending
electron/src/security/PreviewMetadata.test.main.ts,A,test/fixture,pending,pending,pending
electron/src/security/PreviewMetadata.ts,A,application,pending,pending,pending
electron/src/security/ProxyPromptContract.ts,A,application,"Endpoint review atb2c7433c in proxy-ipc-review.md: fixed channels/capabilities/view, exact credentials and sender-owned ID, bounded values/quotas. Raw diagnostic errors and broader common-boundary review remain open.",Source/tests together75761fce; no separate original baseline. Later335a91a8 updates wire-app fixture and adds7 identity denials plus inclusive credential-limit control; each identity/limit mutation fails1.,16 endpoint cases included in74 composed6e987dc5 Node proxy/window/IPC checks; Electron test types and targeted lint pass. Native sender/IPC and exhaustive locale shapes remain unqualified.
electron/src/security/ProxyPromptIpc.test.main.ts,A,test/fixture,"Endpoint review atb2c7433c in proxy-ipc-review.md: fixed channels/capabilities/view, exact credentials and sender-owned ID, bounded values/quotas. Raw diagnostic errors and broader common-boundary review remain open.",Source/tests together75761fce; no separate original baseline. Later335a91a8 updates wire-app fixture and adds7 identity denials plus inclusive credential-limit control; each identity/limit mutation fails1.,16 endpoint cases included in74 composed6e987dc5 Node proxy/window/IPC checks; Electron test types and targeted lint pass. Native sender/IPC and exhaustive locale shapes remain unqualified.
electron/src/security/ProxyPromptIpc.ts,A,application,"Endpoint review atb2c7433c in proxy-ipc-review.md: fixed channels/capabilities/view, exact credentials and sender-owned ID, bounded values/quotas. Raw diagnostic errors and broader common-boundary review remain open.",Source/tests together75761fce; no separate original baseline. Later335a91a8 updates wire-app fixture and adds7 identity denials plus inclusive credential-limit control; each identity/limit mutation fails1.,16 endpoint cases included in74 composed6e987dc5 Node proxy/window/IPC checks; Electron test types and targeted lint pass. Native sender/IPC and exhaustive locale shapes remain unqualified.
electron/src/security/PublicNetworkPolicy.test.main.ts,A,test/fixture,pending,pending,pending
electron/src/security/PublicNetworkPolicy.ts,A,application,initial source pass; final review pending,pending,pending
electron/src/security/PublicResourceFetch.test.main.ts,A,test/fixture,pending,pending,pending
electron/src/security/PublicResourceFetch.ts,A,application,initial source pass; final review pending,pending,pending
electron/src/security/SafeStorageContract.ts,A,application,pending,pending,pending
electron/src/security/SafeStorageIpc.test.main.ts,A,test/fixture,pending,pending,pending
electron/src/security/SafeStorageIpc.ts,A,application,initial source pass; final review pending,pending,pending
electron/src/security/SavePictureContract.ts,A,application,pending,pending,pending
electron/src/security/SavePictureIpc.test.main.ts,A,test/fixture,Local F003/F011 code and test review; native/composed review pending,Original history mapped separately; later baseline3bb1e04e:11 pass/1 pending-save failure; current15 IPC/save/storage cases pass,Quota/re-registration/pending/failure recovery tested; native dialog and final full-denominator evidence pending
electron/src/security/SavePictureIpc.ts,A,application,Local F003/F011 code and test review; native/composed review pending,Original history mapped separately; later baseline3bb1e04e:11 pass/1 pending-save failure; current15 IPC/save/storage cases pass,Quota/re-registration/pending/failure recovery tested; native dialog and final full-denominator evidence pending
electron/src/security/SavePictureNative.test.main.ts,A,test/fixture,Local review/type/lint; native execution pending,Later F011 native regression; not original baseline,Hosted-only; controlled dialog response; actual OS interaction remains external
electron/src/security/SsoAccountLimitContract.ts,A,application,pending,pending,pending
electron/src/security/SsoAccountLimitIpc.test.main.ts,A,test/fixture,pending,pending,pending
electron/src/security/SsoAccountLimitIpc.ts,A,application,pending,pending,pending
electron/src/security/SsoWindowControl.ts,A,application,initial source pass; final review pending,pending,pending
electron/src/security/SsoWindowControlContract.ts,A,application,pending,pending,pending
electron/src/security/SsoWindowControlIpc.test.main.ts,A,test/fixture,pending,pending,pending
electron/src/security/SsoWindowControlIpc.ts,A,application,pending,pending,pending
electron/src/security/SsoWindowCoordinator.test.main.ts,A,test/fixture,pending,pending,pending
electron/src/security/SsoWindowCoordinator.ts,A,application,initial source pass; final review pending,pending,pending
electron/src/security/ViewIdentityRegistry.ts,A,application,"Partial common authority review at6e987dc5: frozen metadata, object/session/frame/origin/capability and lifecycle revocation. Actual native frame replacement and full caller/registration audit remain open.",Identity baseline8cf6f825 before9058fdd5; later revocation/exact URL/child/shell changes and9a93c6bb coverage mapped in common-ipc-review.md; native baselines not rerun.,9 selected view-authority Node cases pass using inert protocol import; destroy/crash/binding/duplicate mutations fail1/1/2/1 then restore9. Other securityPolicy tests and native deletion/frame/session gates not covered.
electron/src/security/WebAppLoadedContract.ts,A,application,pending,pending,pending
electron/src/security/WebAppLoadedIpc.test.main.ts,A,test/fixture,pending,pending,pending
electron/src/security/WebAppLoadedIpc.ts,A,application,pending,pending,pending
electron/src/security/WindowsDownloadPath.test.main.ts,A,test/fixture,pending,pending,pending
electron/src/security/WindowsDownloadPath.ts,A,application,pending,pending,pending
electron/src/security/WrapperRelaunchContract.ts,A,application,pending,pending,pending
electron/src/security/WrapperRelaunchIpc.test.main.ts,A,test/fixture,pending,pending,pending
electron/src/security/WrapperRelaunchIpc.ts,A,application,pending,pending,pending
electron/src/security/WrapperReloadContract.ts,A,application,pending,pending,pending
electron/src/security/WrapperReloadIpc.test.main.ts,A,test/fixture,pending,pending,pending
electron/src/security/WrapperReloadIpc.ts,A,application,pending,pending,pending
electron/src/security/deepLinkPolicy.test.main.ts,A,test/fixture,pending,pending,pending
electron/src/security/deepLinkPolicy.ts,A,application,pending,pending,pending
electron/src/security/externalLinkPolicy.ts,A,application,pending,pending,pending
electron/src/settings/ConfigurationPersistence.test.main.ts,A,test/fixture,F-010 scoped remediation; final review pending,b122d801/f5f8684c observed baseline; later fault/recovery regressions; native caller tests pending,pending
electron/src/settings/ConfigurationPersistence.ts,M,application,F-010 scoped remediation; final review pending,b122d801/f5f8684c observed baseline; later fault/recovery regressions; native caller tests pending,pending
electron/src/settings/SchemaUpdater.test.main.ts,A,test/fixture,F-010 scoped remediation; final review pending,b122d801/f5f8684c observed baseline; later fault/recovery regressions; native caller tests pending,pending
electron/src/settings/SchemaUpdater.ts,M,application,F-010 scoped remediation; final review pending,b122d801/f5f8684c observed baseline; later fault/recovery regressions; native caller tests pending,pending
electron/src/settings/WindowsMachineDestination.test.main.ts,A,test/fixture,pending,pending,pending
electron/src/settings/WindowsMsiConfiguration.test.main.ts,A,test/fixture,pending,pending,pending
electron/src/settings/WindowsMsiConfiguration.ts,A,application,pending,pending,pending
electron/src/settings/config.ts,M,application,Reviewed optional build-owned update policy field; other configuration review pending,43c88dd7 runtime policy targets,Missing/non-boolean flag denied; native artifact inspection pending
electron/src/sso/AutomatedSingleSignOn.ts,M,application,initial source pass; final review pending,pending,pending
electron/src/sso/SingleSignOn.test.main.ts,M,test/fixture,pending,pending,pending
electron/src/sso/SingleSignOn.ts,M,application,initial source pass; final review pending,pending,pending
electron/src/sso/SingleSignOnDiagnostics.test.main.ts,A,test,local diagnostic boundary review,1a1093f5 nine failing targets then local fix,native and composed qualification pending
electron/src/sso/SsoBackendCompletion.test.main.ts,A,test/fixture,pending,pending,pending
electron/src/types/globals.d.ts,M,application,pending,pending,pending
electron/src/update/UpdaterDependencies.test.main.ts,A,test/fixture,Reviewed parent-scoped dependency loading and inert parse/redirect tests,7c3a786e six passing controls and sixteen failing targets,23 patched cases; header and merge-budget sensitivity; no native update qualification
electron/src/update/macosAutoUpdater.test.main.ts,A,test/fixture,Reviewed inert subprocess and exact feed/user-choice assertions,e0103706 four controls pass/seven targets fail; 43c88dd7 four policy targets fail,15 runtime cases; disabled gate mutation fails four; native update pending
electron/src/update/macosAutoUpdater.ts,M,application,F-007 local diagnostic and policy review,e0103706 diagnostics; 43c88dd7 runtime policy targets,15 inert Node cases; failure and gate sensitivity; signed qualification pending
electron/src/update/squirrel.test.main.ts,A,test/fixture,pending,pending,pending
electron/src/update/squirrel.ts,M,application,pending,pending,pending
electron/src/update/squirrelInstallation.ts,A,application,pending,pending,pending
electron/src/update/updaterStartup.test.main.ts,A,test/fixture,Reviewed single startup and platform/window-failure assertions,Pre-fix six controls pass and one routing failure,Seven controls/route cases pass; second-ready mutation fails route; native startup pending
electron/src/window/AboutWindow.ts,M,application,pending,pending,pending
electron/src/window/AuxiliaryWindowIdentity.test.main.ts,A,test/fixture,pending,pending,pending
electron/src/window/ProxyPromptLifecycle.test.main.ts,A,test/fixture,Reviewed AST extraction executes actual showWindow initializer with inert BrowserWindow/session/identity ports. Positive show/notify and failed/closed-load destruction targets; no native authorization proof.,69c00708 baseline1 pass/2 fail before7787cc7c. Removing destroy/show each fails1; restoration3 pass.,3 cases included in58 composedb2c7433c Node proxy/window checks. No actual Electron load/session/destruction or native identity revocation qualification.
electron/src/window/ProxyPromptWindow.ts,M,application,Partial window lifecycle review: per-call ownership; failed load/send/show destroys live prompt and fixed diagnostics; closed loading prompt is not shown/notified. Earlier setup/destruction-failure and native identity review remain.,Auxiliary identity baseline18fdc728 precedesb85a4afd; subsequent security changes75761fce/288463bf/cd8c86e8/7afc3139/59ed494c need scope-specific native evidence. Load lifecycle baseline69c00708 passes1/fails2 before7787cc7c.,3 inert actual-function cases; destroy/show mutations each fail1 then restore3. Included in58 composedb2c7433c Node proxy/window checks. Native load/identity/session and pre-load setup failures unqualified.
electron/src/window/WindowManager.test.main.ts,A,test/fixture,pending,pending,pending
electron/src/window/WindowManager.ts,M,application,pending,pending,pending
electron/src/window/WindowUtil.test.main.ts,M,test/fixture,pending,pending,pending
electron/src/window/WindowUtil.ts,M,application,initial source pass; final review pending,pending,pending
electron/test/collect-renderer-coverage.cjs,A,test/fixture,pending,pending,pending
electron/test/fixtures/account-controller-preload.js,A,test/fixture,pending,pending,pending
electron/test/fixtures/certificates/README.md,A,test/fixture,pending,pending,pending
electron/test/fixtures/certificates/untrusted-localhost-cert.pem,A,test/fixture,pending,pending,pending
electron/test/fixtures/certificates/untrusted-localhost-key.pem,A,test/fixture,pending,pending,pending
electron/test/fixtures/csp-probe.js,A,test/fixture,pending,pending,pending
electron/test/fixtures/legacy-account-profile.js,A,test/fixture,pending,pending,pending
electron/test/fixtures/macos-updater.cjs,A,test/fixture,Reviewed fake Electron/updater and synthetic credentials,e0103706 before implementation,No native or network execution; process rejection observation
electron/test/fixtures/save-picture-preload.js,A,test/fixture,Local review/type/lint; native execution pending,Later F011 native regression; not original baseline,Hosted-only; controlled dialog response; actual OS interaction remains external
electron/test/fixtures/updater-startup.cjs,A,test/fixture,Reviewed structural extraction of actual callback and inert ports,Pre-fix Node composition fixture,No native lifecycle or update claim; nested listener retained under test
electron/test/node-settings-context.cjs,A,test/fixture,F-010 scoped remediation; final review pending,b122d801/f5f8684c observed baseline; later fault/recovery regressions; native caller tests pending,pending
electron/test/node-sso-context.cjs,A,test adapter,Node-only guard and owned objects reviewed,1a1093f5,native tests do not load this adapter
electron/test/proxySettingsApplicationFixture.ts,A,test/fixture,Reviewed test-only AST extraction preserves actual initializer and inert logger; requires exactly one matching declaration; no production import.,Extracted without semantic change from d49d3bf3 regression in d204e2d5; prefix mutation fails6; restoration9 passes.,Shared loader exercised by9 Node cases in31 composed2ea74556 checks. Native consumer unrun; fixture cannot establish caller/session integration.
electron/test/register-local-scheme.cjs,A,test/fixture,pending,pending,pending
electron/test/withTemporaryDirectory.ts,A,test/fixture,pending,pending,pending
electron/wire.json,M,application,pending,pending,pending
jenkins/deployment.groovy,M,tooling/CI/config,pending,pending,pending
jenkins/windows.groovy,M,tooling/CI/config,pending,pending,pending
jest.config.js,M,tooling/CI/config,F-014 scoped test-ownership fix reviewed locally; integration pending,September22 root/Jest failures precede 96219916; renderer74 and root/bin/Playwright types restored,Tooling remains explicitly compiled and executed by aggregate test commands; final CI pending
package.json,M,tooling/CI/config,pending,pending,pending
playwright.config.ts,M,tooling/CI/config,pending,pending,pending
tsconfig.bin.json,M,tooling/CI/config,pending,pending,pending
tsconfig.json,M,tooling/CI/config,F-014 scoped test-ownership fix reviewed locally; integration pending,September22 root/Jest failures precede 96219916; renderer74 and root/bin/Playwright types restored,Tooling remains explicitly compiled and executed by aggregate test commands; final CI pending
tsconfig.playwright.json,M,tooling/CI/config,pending,pending,pending
webpack.config.cjs,M,tooling/CI/config,pending,pending,pending
yarn.lock,M,tooling/CI/config,pending,pending,pending
